case_id,source_file,event_date,event_year,country,city,venue,venue_type,perp_name,perp_age,perp_sex,perp_ethnicity,perp_nationality,perp_mental_health_flag,status,fatalities_total_incl_perp,fatalities_excl_perp,perp_died,total_casualties,weapons_primary,method_primary,target_description,target_type,ideology_claimed,ideology_assessed,saints_relevance,saints_tradition,sentence,cross_references,key_sources,evidence_tier,notes,ideology_contested,weapon_modifications,subculture_tags,manifesto_exists,manifesto_title,manifesto_length_pages,manifesto_format,manifesto_language,manifesto_platform,clothing_gear,pre_attack_selfies,primary_online_handles,primary_platforms,named_prior_attackers_incoming,incoming_citation_count,named_by_subsequent_attackers,outgoing_citation_count,anniversary_attack,anniversary_of,documented_searches,audit_flags,direct_contact_other_attackers,prior_warning_signs,weapon_inscriptions,saints_canon_validation_corpus,mask_type,music_during_attack,livestream_attempted,livestream_successful,livestream_platform,livestream_duration_min,gamification_elements,first_person_camera,how_disrupted,first_person_camera_detail,gamification_elements_detail,livestream_attempted_detail,livestream_successful_detail,perp_mental_health_flag_detail,perp_sex_detail,prior_warning_signs_detail,saints_canon_validation_corpus_detail,saints_tradition_detail,target_type_detail
JPN-2001-IKEDA,part01_schema_and_2001-2015.md,2001-06-08,2001,Japan,Ikeda (Osaka Pref.),Ikeda Elementary School,school,Mamoru Takuma,37,M,Japanese,Japan,Y,C,8,8,N,23,deba-bocho kitchen knife (28 cm),blade,young girls at elementary school,school_random,none,personal grievance; prior psychiatric history,medium,none,death (executed 14 Sept 2004),GTD,Japanese court records; Asahi Shimbun,1,Included as aesthetic-contagion precursor. Akihabara 2008 attack occurred exactly 7 years later to the day; JP commentary treats as anniversary.,N,,,,,,,,,,,,,,,,,,,,,,,,,,,,,,,,,,,,,,,,,,,
FIN-2007-JOKELA,part01_schema_and_2001-2015.md,2007-11-07,2007,Finland,Tuusula,Jokela High School,school,Pekka-Eric Auvinen,18,M,Finnish,Finland,Contested,C,9,8,Y,12,SIG Mosquito .22 LR semi-auto,firearm,classmates and school personnel; principal targeted first,school_random,"social-Darwinist ""natural selection""; anti-humanism",Columbine-replication + nihilist/Nietzschean,high,columbine_fandom,deceased (self-inflicted),GTD; Violence Project,Finnish Ministry of Justice Jokela investigation report 2009; Saarinen; Malkki,1,"Proto-contagion case for European Columbine fandom. ""Natural Selection"" T-shirt concept copied from Harris. Transmits Columbine aesthetic into Nordic/CEE space.",N,legally purchased; 400+ rounds,columbine_fandom,Y,"""Manifesto of a Natural Selector""",1,text + video,English,YouTube,"Sonderkommando Dirlewanger T-shirt (pre-attack photos); ""HUMANITY IS OVERRATED"" shirt","Y; YouTube 'Sturmgeist89' channel, multiple videos incl. ""Jokela High School Massacre - 11/7/2007"" uploaded hours before attack",Sturmgeist89 (YouTube); NaturalSelector89,YouTube; IRC,Harris/Klebold (Columbine); Seung-Hui Cho (Virginia Tech 2007),2,Saari (Kauhajoki 2008); Marin (Kuopio 2019),2,,,,,,,,,,,,,,,,,,,,,,,,,,,
JPN-2008-AKIHABARA,part01_schema_and_2001-2015.md,2008-06-08,2008,Japan,Tokyo,Akihabara pedestrian zone,public_space,Tomohiro Kato,25,M,Japanese,Japan,N,C,7,7,N,17,rented 5-ton Isuzu Elf truck; Smith & Wesson HRT survival dagger,mixed,pedestrians in Akihabara,random_public,"none; ""wanted a girlfriend""; hated winners",proto-incel (himote) / personal grievance,medium,incel,death (executed 26 July 2022),GTD,"Slater & Galbraith 2011 EJCJS; Ueno Chizuko 2009 ""Himote no Misoginii""",1,Proto-incel contagion origin; pre-Rodger himote index case. No textual downstream citation documented; structural cognate for Toronto 2018.,N,,incel,Partial,,,text (mobile forum posts),Japanese,Megaview-Net (stc.ne.jp) mobile bulletin board,,,,Megaview-Net mobile BBS,,,,,Y,Ikeda Elementary 2001-06-08 (7-year anniversary; widely noted in JP commentary),thousands of posts typed from behind the wheel en route,"Task-brief claim Kato cited textually in Minassian's 2018 Toronto manifesto is NOT confirmed. Minassian cites Rodger + ""4chan Sgt"". Downgrade to structural parallel.",,,,,,,,,,,,,,,,,,,,,,,
FIN-2008-KAUHAJOKI,part01_schema_and_2001-2015.md,2008-09-23,2008,Finland,Kauhajoki,Seinajoki University of Applied Sciences (vocational),school,Matti Juhani Saari,22,M,Finnish,Finland,Y,C,11,10,Y,11,Walther P22 pistol,firearm,classmates at vocational school exam hall,school_random,misanthropy; hatred of humanity,Columbine/Jokela replication,high,columbine_fandom,deceased (self-inflicted),GTD; Violence Project,Finnish MOJ Kauhajoki investigation 2010; Malkki 2014; Lankford 2016,1,Purchased weapon from same Jokela gun shop as Auvinen. Police searched home 22 May 2008 after anonymous tip but did not revoke permit. Drove 2010 Finnish gun-law tightening.,N,bodies burned with gasoline post-mortem,columbine_fandom,Partial,,,video,,YouTube,,"Y; YouTube ""Wumpscut86"" handle; videos captioned ""You will die next""",Wumpscut86 (YouTube); Mr Saari (IRC-Galleria),YouTube; IRC-Galleria,Harris/Klebold; Auvinen (Jokela),2,Marin (Kuopio 2019),1,,,,,travelled to Jokela to photograph the school before attack (demonstrative pilgrimage),Y,,,,,,,,,,,,,,,,,,,,,
DEU-2009-WINNENDEN,part01_schema_and_2001-2015.md,2009-03-11,2009,Germany,Winnenden,Albertville-Realschule + Wendlingen shootout,school,Tim Kretschmer,17,M,German,Germany,Y,C,16,15,Y,25,Beretta 92FS 9mm (stolen from sport-shooter father),firearm,school students (predominantly female) + random passers-by during escape,school_random,none,personal grievance; mental health,medium,columbine_fandom,deceased (self-inflicted),GTD; Violence Project; Ravndal RTV,Baden-Württemberg Interior Ministry report 2009,1,Drove 2009 German Weapons Act amendment. Avid Counter-Strike player.,N,,,N,,,,,,military-style gear,,,Counter-Strike online community,,,,,,,,"Police initial claim of a Krautchan ""Bernd from Bavaria"" chat-room announcement the night before was OFFICIALLY RETRACTED. Treat as false.",,,,,,,,,,,,,,,,,,,,,,,
NOR-2011-BREIVIK,part01_schema_and_2001-2015.md,2011-07-22,2011,Norway,Oslo + Utoya Island,Government quarter (VBIED) + AUF summer camp,government,Anders Behring Breivik,32,M,Norwegian,Norway,Contested,C,77,77,N,396,VBIED (ANFO ~950 kg); Ruger Mini-14; Glock 17,mixed,"Norwegian Labour Party / AUF youth camp; ""cultural Marxists"" as proxy for Muslim immigration",political,Knights Templar; counter-jihad; ethno-nationalist; cultural conservative,far-right ethno-nationalist / counter-jihad / Christian-identity framing,very_high,core_farright,21-year containment (preventive detention); extendable,GTD #201107220008; Europol TE-SAT 2012; Ravndal RTV,22 July Commission Report (NOU 2012:14); Borchgrevink 2013; Ravndal 2018,1,Founding saint of modern accelerationist canon. Structural paradigm for manifesto + pre-planning + multi-stage attack.,N,weapons inscribed with Latin phrases,great_replacement; accelerationist,Y,"""2083: A European Declaration of Independence""",1518,pdf,English,"emailed to ~1,003 contacts + posted online hours before","pseudo-police uniform on Utoya; fake Knights Templar commendations; Masonic regalia + ""compression suit"" in staged photos",Y; extensively staged self-photography disseminated with manifesto,,Stormfront; Gates of Vienna; Jihad Watch; document.no; Fjordman blog comments,William Pierce Turner Diaries (tangential),1,Sonboly (Munich 2016); Bowers; Tarrant (claimed brief contact); Manshaus; Balliet; Gendron; Krajcik; Henderson; Hasson; Mathews-Base; Timofey K (Odintsovo 2025); Kucukyetim (Eskisehir 2024); many others,20,,,,,,,Latin phrases on rifle,Y,,,,,,,,,,,,,,,,,,,
USA-2012-AURORA,part01_schema_and_2001-2015.md,2012-07-20,2012,USA,Aurora (CO),Century 16 theater (Dark Knight Rises premiere),entertainment,James Holmes,24,M,White,USA,Y,C,12,12,N,82,Smith & Wesson M&P15 (AR-15); Remington 870; Glock 22,firearm,moviegoers at midnight premiere (random),random_public,none,psychotic break; schizophrenia diagnosed post-arrest,low,none,12 consecutive life sentences + 3318 years,GTD; Mother Jones; Violence Project #146,Court records CR2012-1522; Fenton/Rocky Mountain PBS investigation,1,"Important null case for ideological framework; aesthetic ""Joker"" attribution retracted. Apartment booby-trap precedent.",N,tear-gas grenades; booby-trapped apartment,,Partial,notebook mailed to UC psychiatrist Lynne Fenton,,handwritten notebook with drawings,,postal mail (undelivered pre-attack),tactical gear; ballistic helmet; gas mask; body armor,selfies with weapons + orange hair posted to Adult Friend Finder profile pre-attack,,Adult Friend Finder; Match.com; online gaming,,,,,,,,"NYPD-originated ""Joker"" claim later retracted; Holmes denied Joker emulation. The Dark Knight Rises villain was Bane, not the Joker.",,,,,gas mask,,,,,,,,,,,,,,,,,,
USA-2012-OAKCREEK,part01_schema_and_2001-2015.md,2012-08-05,2012,USA,Oak Creek (WI),Sikh Temple of Wisconsin,religious_site,Wade Michael Page,40,M,White,USA,N,C,7,6,Y,11,Springfield XD 9mm,firearm,Sikh worshippers (likely misidentified as Muslim),religious,implicit via band affiliations,white-supremacist; Hammerskin Nation,medium_high,core_farright,deceased (self-inflicted),GTD #201208050001; ADL; SPLC,FBI post-incident; ADL backgrounder; SPLC Intelligence Report Fall 2012,1,Hatecore/neo-Nazi music scene pipeline. Canonized in Hammerskin circles.,N,,accelerationist; great_replacement,N,,,,,,"Celtic cross ""38"" tattoo; 14-words imagery",Y; extensive tattoos documented,,Stormfront (registered); Hammerskin Nation network,,,referenced in some Terrorgram materials,1,,,,,,,,,,,,,,,,,,,,,,,,,,,
USA-2012-SANDYHOOK,part01_schema_and_2001-2015.md,2012-12-14,2012,USA,Newtown (CT),Sandy Hook Elementary + maternal home,school,Adam Lanza,20,M,White,USA,Y,C,28,27,Y,30,Bushmaster XM15-E2S; Glock 20SF; SIG P226,firearm,1st-grade students + school staff; mother killed first at home,school_random,none,severe mental illness + fixation on Columbine / mass-shooter catalog,very_high,columbine_fandom,deceased (self-inflicted),GTD #201212140018; Violence Project #153; Mother Jones,CT State's Attorney Sedensky Report Nov 2013; Peter Lanza/Andrew Solomon New Yorker 2014; OCA report 2014,1,Paradigm case for documented pre-attack digital research. Cataloged Kato explicitly — direct JP→US contagion link at the consumption level. Central node of Columbine fandom / TCC.,N,,columbine_fandom,Partial,spreadsheet catalog of prior mass murderers,,digital spreadsheet + forum posts,,hard drives recovered from home,black fatigues; earplugs,,"""Kaynbred""; ""Smiggles""",shockedbeyondbelief.com forum (school-shooter fandom); 4chan /r9k/ (alleged); Encyclopedia Dramatica,Harris/Klebold; Cho; Kimveer Gill; Tomohiro Kato; Breivik (all catalogued),5,Hale (Covenant 2023); Rupnow (Madison 2024); many TCC/Columbiner fandom references,2,,,"extensive Google/YouTube research on Columbine, Virginia Tech, Akihabara Tomohiro Kato, Anders Breivik, Dawson College shooter Kimveer Gill; spreadsheet catalog of ~500 mass murderers",,,,,Y,,,,,,,,,,,,,,,,,,,
USA-2014-ISLAVISTA,part01_schema_and_2001-2015.md,2014-05-23,2014,USA,Isla Vista (CA),"UCSB area (apartment, sorority, deli)",public_space,Elliot Rodger,22,M,Mixed (White/Malaysian Chinese),UK/USA,Y,C,7,6,Y,21,SIG P226; Glock 34; SIG P224; knife; BMW as vehicle weapon,mixed,"sorority women (""hot blondes""); Alpha Phi house targeted",women,retribution against women,founding incel/misogynist/male-supremacist terror act,very_high,incel,deceased (self-inflicted),GTD #201405230002; Violence Project #162; ADL incel backgrounder,"Santa Barbara Sheriff Report Feb 2015; Hoffman, Ware & Shapiro 2020 SCT",1,"Paradigm case for incel canon. ""Saint Elliot"" / ""Supreme Gentleman"". YouTube video retroactively treated as proto-livestream.",N,,incel,Y,"""My Twisted World""",107,"multimodal (PDF + YouTube ""Retribution"" video)",English,emailed to ~30 contacts + posted online + YouTube,Ray-Ban Aviator sunglasses (signature); Hugo Boss style; BMW 328i coupe as status prop,"Y; extensive YouTube vlogging channel ""ElliotRodger"" with 20+ videos pre-attack","ElliotRodger (YouTube); various PUAHate, bodybuilding.com misc handles","PUAHate.com; ForeverAlone; bodybuilding.com ""misc""",,,"Minassian (Toronto 2018); Davison (Plymouth 2021); Long (Atlanta 2021); Hattori (Keio 2021, structural); Garcia (Allen 2023); Lex Ashton (CCH Sur 2025); numerous foiled plotters",8,,,,,,,,Y,,,,,,,,,,,,,,,,,,,
FRA-2015-HEBDO,part01_schema_and_2001-2015.md,2015-01-07,2015,France,Paris,Charlie Hebdo offices + Porte de Vincennes + Montrouge,workplace,Said Kouachi; Cherif Kouachi; Amedy Coulibaly,34,M,French-Algerian; French-Malian,France,,C,20,17,Y,39,AK-pattern rifles; handguns; shotgun,firearm,Hebdo journalists; Jewish shoppers; police,mixed,AQAP (Kouachis); ISIS (Coulibaly),jihadist,low,jihadist,,GTD; Europol TE-SAT 2016; CSIS,French parliamentary inquiry reports,1,,N,,jihadist; islamist,Partial,,,video,,,paramilitary dress,,,Buttes-Chaumont cell (pre-social-media),,,,,,,,,,,,,,,,,,,,,,,,,,,,,,,
DNK-2015-COPENHAGEN,part01_schema_and_2001-2015.md,2015-02-14,2015,Denmark,Copenhagen,Krudttoenden cafe + Great Synagogue,entertainment,Omar Abdel Hamid El-Hussein,22,M,Palestinian-Jordanian,Denmark,,C,3,2,Y,8,M95 military rifle (stolen); CZ pistol,firearm,free-speech seminar (Lars Vilks present); Jewish worshippers at synagogue,religious,ISIS,ISIS-inspired; rapid self-radicalization in prison,low,jihadist,deceased (police shootout),GTD; Europol TE-SAT 2016,,1,Cited by Esbensen (Copenhagen Field's 2022) as structural model indirectly (Esbensen cited Randy Stair instead).,N,,jihadist; islamist,Partial,,,forum_post,,Facebook,,fake-Airbnb reconnaissance,,Facebook,,,,,,,,,,,,,,,,,,,,,,,,,,,,,,,
USA-2015-CHARLESTON,part01_schema_and_2001-2015.md,2015-06-17,2015,USA,Charleston (SC),Emanuel AME Church,religious_site,Dylann Roof,21,M,White,USA,N,C,9,9,N,10,Glock 41 .45,firearm,Black worshippers at Bible study,ethnic,white-supremacist racial war,confirmed,very_high,core_farright,federal death + state 9 life sentences,GTD #201506170000; New America; ADL,FBI 302s; DOJ sentencing memo; Bell 2018,1,Primary triumvirate member (Breivik-Roof-Tarrant).,N,,accelerationist; great_replacement,Y,"""The Last Rhodesian""",,text + photo essay,English,lastrhodesian.com (personal website),Rhodesian / apartheid-era SA flag patches on jacket,Y; extensive; Confederate-flag poses; burning US flag; lit-match photos,,Council of Conservative Citizens website; Stormfront-adjacent,,,Earnest; Crusius; Gendron; Krajcik; Henderson; Garcia (Allen); Palmeter (Jacksonville); Timofey K (Odintsovo),8,,,"""black on white crime"" (first CofCC exposure, documented in manifesto)",,,,,Y,,,,,,,,,,,,,,,,,,,
AUT-2015-GRAZ-SUV,part01_schema_and_2001-2015.md,2015-06-20,2015,Austria,Graz,pedestrianized Herrengasse street,public_space,Alen Rizvanovic,26,M,Bosnian-Austrian,Austria,,C,3,3,N,38,green Daewoo Rexton SUV + kitchen knife,vehicle,pedestrians in city center,random_public,none (silent),psychotic/personal crisis,,,life (no parole); died by suicide in Stein Correctional solitary cell 23 Sept 2023,GTD; Europol TE-SAT 2016,,1,Under domestic-violence restraining order with firearms confiscated at time of attack. Distinctive: deleted social-media trail pre-attack.,N,,,,,,,,,,,,"Twitter (>2,500 followers; deleted all tweets and messages before attack except one)",,,,,,,,,,,,,,,,,,,,,,,,,,,,,,,
SWE-2015-TROLLHATTAN,part01_schema_and_2001-2015.md,2015-10-22,2015,Sweden,Trollhattan,Kronan school,school,Anton Lundin Pettersson,21,M,Swedish,Sweden,Contested,C,4,3,Y,4,sword (historical reproduction); unused tanto; Molotov (unused),blade,predominantly immigrant students at multicultural school; CCTV showed he spared white-skinned students,ethnic,none explicit,neo-Nazi ethno-nationalist (assessed post-mortem),very_high,core_farright,deceased (police shooting),GTD; Ravndal RTV,Swedish police Pilot report; Ranstorp ICCT,1,"Central aesthetic-contagion reference — highest-frequency ""saint"" citation in NZ/US/European subset. Direct theatrical/medieval aesthetic replicated later.",N,,great_replacement; accelerationist,N,,,,,,black cape; Stahlhelm-style helmet; paintball mask; all-black theatrical ensemble,"staged ""headshot"" photo with classmates before attack",,Facebook; Stormfront (limited),,,Tarrant (explicit — name inscribed on Christchurch firearms); Gendron (Buffalo manifesto); Hugo Jackson's mask,3,,,,,,,,,paintball mask,"Rob Zombie ""Dragula"" played on loop in car and during attack",,,,,,,,,,,,,,,,,
FRA-2015-BATACLAN,part01_schema_and_2001-2015.md,2015-11-13,2015,France,Paris,Bataclan + Stade de France + cafes,entertainment,9-man ISIS cell (Abaaoud directed),,M,Mixed French-Belgian-Moroccan,France/Belgium,,C,137,130,Y,548,AK-47s; TATP suicide vests,mixed,concertgoers; soccer match; diners,random_public,ISIS,confirmed ISIS external operation,low,jihadist,,GTD; Europol TE-SAT 2016; CSIS,Fenech-Pietrasanta Rapport,1,,N,,jihadist; islamist,Partial,,,ISIS Dabiq magazine + communiques,,,suicide vests; tactical dress,,,encrypted Telegram; ISIS Dabiq,,,,,,,,,,,,,,,,,,,,,,,,,,,,,,,
USA-2015-SANBERN,part01_schema_and_2001-2015.md,2015-12-02,2015,USA,San Bernardino (CA),Inland Regional Center,workplace,Syed Rizwan Farook; Tashfeen Malik,28,mixed,Pakistani American; Pakistani,USA; Pakistan,,C,16,14,Y,38,DPMS A-15; Smith & Wesson M&P15; pistols,firearm,county health workers holiday party,workplace,ISIS (Malik posted bayah mid-attack),jihadist-inspired,low,jihadist,,GTD; New America; FBI,FBI post-incident; House Homeland Security report,1,,N,,jihadist,Partial,,,forum_post,,Facebook,,,,Facebook (private); encrypted messaging,,,,,,,,,,,,,,,,,,,,,,,,,,,,,,,
TUR-2016-ANKARA,part02_2016-2017.md,2016-03-13,2016,Turkey,Ankara,Kizilay Square,transit,Seher Cagla Demir (TAK),24,F,Kurdish,Turkey,,C,38,37,Y,163,VBIED,explosive,civilians at transit square,random_public,TAK (PKK splinter),Kurdish separatist,low,,,GTD,Turkish MIT; Hurriyet,2,,N,,separatist,,,,,,,,,,,,,,,,,,,,,,,,,,,,,,,,,,,,,,,,,
BEL-2016-BRUSSELS,part02_2016-2017.md,2016-03-22,2016,Belgium,Brussels,Zaventem airport + Maelbeek metro,transit,Bakraoui brothers; Laachraoui; Abrini,,M,Belgian-Moroccan,Belgium/Morocco,,C,35,32,Y,340,TATP nail-vest suicide bombs,explosive,airport departures + metro,random_public,ISIS,same cell as Nov 2015 Paris,low,jihadist,,GTD; Europol TE-SAT 2017,,1,,N,,jihadist,,,,,,,,,,,,,,,,,,,,,,,,,,,,,,,,,,,,,,,,,
USA-2016-PULSE,part02_2016-2017.md,2016-06-12,2016,USA,Orlando (FL),Pulse nightclub (Latin night),entertainment,Omar Mateen,29,M,Afghan American,USA,,C,50,49,Y,103,SIG MCX; Glock 17,firearm,LGBTQ patrons (Latin night),lgbtq,ISIS (pledge via 911 + Facebook mid-attack),mixed — ISIS-inspired + personal/contested sexuality,low,jihadist,deceased (police),GTD; Mother Jones; New America,,1,,Y,,jihadist,Partial,,,forum_post,,Facebook (mid-attack),,,,Facebook,,,,,,,,,,,,,,,,,,,,,,,,,,,,,,,
FRA-2016-MAGNANVILLE,part02_2016-2017.md,2016-06-13,2016,France,Magnanville,home of police officers,residence,Larossi Abballa,25,M,,France,,C,3,2,Y,3,knife,blade,police captain Salvaing + partner Schneider (3-year-old son present),police,ISIS (bayah on Facebook Live),ISIS-directed,low,jihadist,deceased (police raid),GTD; Europol TE-SAT 2017,,1,First major Islamist terror attack livestreamed on Facebook Live in Europe. Broadcast from INSIDE victim's home with 3-year-old survivor present. Critical format-contagion precedent for Christchurch 2019.,N,,jihadist,Y,,,video (livestream),,Facebook Live,,,,Facebook; Telegram,,,,,,,,,,,,,,,Y,Y,Facebook Live,13,,,,,,,,,,,,,
FRA-2016-NICE,part02_2016-2017.md,2016-07-14,2016,France,Nice,Promenade des Anglais (Bastille Day),public_space,Mohamed Lahouaiej-Bouhlel,31,M,Tunisian,France/Tunisia,Y,C,87,86,Y,521,19-ton cargo truck + pistol,vehicle,Bastille Day fireworks crowd,random_public,ISIS (posthumous claim),ISIS-inspired; rapid radicalization + personal crisis,medium,jihadist,,GTD; Europol TE-SAT 2017,,1,Truck-as-weapon precedent-setting aesthetic; paradigm case for vehicle-ramming tactic 2016–present.,N,,jihadist,,,,,,,,,,minimal; recent ISIS content consumption on phone,,,template for Berlin 2016; Stockholm 2017; Barcelona 2017; NYC 2017; Toronto van 2018; Magdeburg 2024,6,,,,,,,,,,,,,,,,,,,,,,,,,,,
DEU-2016-MUNICH,part02_2016-2017.md,2016-07-22,2016,Germany,Munich,Olympia-Einkaufszentrum (OEZ) + adjacent McDonald's,retail,David Sonboly (Ali David Sonboly),18,M,German-Iranian,Germany,Y,C,10,9,Y,46,Glock 17 (acquired on darknet),firearm,youth of Turkish/Balkan origin at McDonald's + mall — lured via fake Facebook event,ethnic,none explicit,mixed — far-right ethno-nationalist + severe mental health + Breivik fixation,medium,mixed,deceased (self-inflicted),GTD; BfV 2016,BKA report; LMU Munich forensic psych reports; Koehler 2017,1,Transitional case: bridges Breivik canon into gaming / school-shooter fandom. Paradigmatic anniversary symbolism.,Y,,great_replacement; columbine_fandom,Partial,,,multimodal (short doc + social media lure),,Facebook fake event,,,,Steam; gaming communities; Breivik-related YouTube videos; school-shooter fora,Breivik (primary — anniversary attack); Columbine,2,,,Y,Breivik 2011-07-22 (5-year anniversary; deliberately chosen),extensive Breivik research documented in LMU Munich forensic reports,,,,,,,,,,,,,,,,,,,,,,,,
JPN-2016-SAGAMIHARA,part02_2016-2017.md,2016-07-26,2016,Japan,Sagamihara,Tsukui Yamayuri-en care home,healthcare,Satoshi Uematsu,26,M,Japanese,Japan,Contested,C,19,19,N,45,5 knives; hammer; cable ties,blade,disabled residents of care home (former workplace),disabled_persons,"eugenicist; ""save Japan/world economy""; offered to eliminate 470 disabled",eugenicist neo-Nazi-inflected (Aktion T4-referential),medium,core_farright,death (16 March 2020),GTD,"Japanese court records; Tokyo Shimbun ""Hissen"" column; J-Cast",1,Deadliest mass-stabbing in modern world history. Proto-Great-Replacement-style ideology applied to disability. Hand-delivered manifesto — pre-LSFA Tarrant template.,N,,great_replacement; accelerationist,Y,letter to Tadamori Oshima (House Speaker),,letter,Japanese,Speaker's Tokyo residence + Twitter (@Sa_tosiii_u alleged),suit for pre-attack selfies (formal),"Y; Twitter posts hours before attack ""Today the world is at peace. Beautiful Japan.""",@Sa_tosiii_u (alleged — UNVERIFIED English primary),Twitter (alleged),,,,,,,,Task-brief claim that Tarrant Christchurch manifesto cites Sagamihara is NOT confirmed. Tarrant names Breivik/Roof/Traini/Lundin Pettersson/Lapshyn/Osborne/Bissonnette/Akerlund but not Uematsu. Structural cognate only.,,,,,,,,,,,,,,,,,,,,,,remapped from 'accelerationist',
DEU-2016-BERLIN,part02_2016-2017.md,2016-12-19,2016,Germany,Berlin,Breitscheidplatz Christmas market,public_space,Anis Amri,24,M,Tunisian,Tunisia,,C,13,12,N,69,Scania truck; Erma EP552 pistol,vehicle,Christmas market crowd,random_public,ISIS (video pledge to Baghdadi),ISIS-directed,low,jihadist,,GTD; Europol TE-SAT 2017; BfV 2016,Bundestag investigative committee report 2021,1,,N,,jihadist,Partial,,,video,,,,,,Telegram; Abu Walaa network,Nice 2016 (replication),1,"Brokstedt / Ibrahim A 2023 (""I am one too"")",1,,,,,,,,,,,,,,,,,,,,,,,,,,,
TUR-2017-REINA,part02_2016-2017.md,2017-01-01,2017,Turkey,Istanbul,Reina nightclub,entertainment,Abdulkadir Masharipov,34,M,Uzbek,Uzbekistan,,C,39,39,N,108,AK-47,firearm,NYE partygoers,random_public,ISIS,ISIS external operations,,,40 aggravated life sentences,GTD; Europol TE-SAT 2018,,1,First major IS external-operations Turkey attack formally claimed via Amaq.,N,,jihadist,Partial,Taksim reconnaissance selfie video,,video,,"Telegram (to IS handler ""Abu Shuhada"" in Raqqa)",,,,Telegram,,,,,,,,,,,,,,,,,,,,,,,,,,,,,,,
MEX-2017-MONTERREY,part02_2016-2017.md,2017-01-18,2017,Mexico,Monterrey,Colegio Americano del Noreste,school,Federico Guevara Elizondo,15,M,Mexican,Mexico,,C,2,1,Y,4,.22 LR handgun (father's),firearm,teacher + classmates,school_random,none,personal grievance; US-school-shooter emulation,low,columbine_fandom,deceased (self-inflicted),Latin American press,,2,First OECD-Latin-America Columbine-aesthetic school shooting.,N,,columbine_fandom,,,,,,,,,,,,,,,,,,,,,,,,,,,,,,,,,,,,,,,,,
AUS-2017-BOURKE1,part02_2016-2017.md,2017-01-20,2017,Australia,Melbourne,Bourke Street Mall,public_space,James Gargasoulas,26,M,White Australian,Australia,Y,C,6,6,N,33,stolen Holden Commodore sedan,vehicle,pedestrians on Bourke St,random_public,drug-induced messianic psychosis,methamphetamine-induced psychosis; no ideology,,,life + 46 years,GTD; ASIO,,1,,N,,,,,,,,,,,,,,,,,,,,,,,,,,,,,,,,,,,,,,,,,,,
CAN-2017-QUEBEC,part02_2016-2017.md,2017-01-29,2017,Canada,Quebec City,Grande Mosquee de Quebec,religious_site,Alexandre Bissonnette,27,M,French-Canadian,Canada,,C,6,6,N,25,Glock 17; Ruger Mini-14 (jammed),firearm,Muslim worshippers at evening prayer,religious,denied at first,far-right anti-Muslim/anti-immigrant,medium,core_farright,life (minimum 40 years → reduced to 25 on appeal),GTD; Perry/Scrivens,Quebec Superior Court judgment; Perliger 2020,1,,N,,great_replacement,N,,,,,,,,,Twitter; Facebook,Dylann Roof (cited in interviews); Trump; Le Pen,1,Tarrant (name inscribed on Christchurch firearms),1,,,extensive pre-attack consumption of Trump/Le Pen/Ben Shapiro/Richard Spencer content; searches for Dylann Roof,,,,,,,,,,,,,,,,,,,,,,,,
UK-2017-MANCHESTER,part02_2016-2017.md,2017-05-22,2017,UK,Manchester,Manchester Arena (Ariana Grande concert),entertainment,Salman Abedi,22,M,Libyan British,UK,,C,23,22,Y,1017,TATP suicide vest w/ nails/bolts,explosive,teenage concertgoers + parents,random_public,ISIS,ISIS-linked (Libya network),low,jihadist,,GTD; UK Home Office; CONTEST,Saunders Inquiry reports 2022-2023,1,,N,,jihadist,,,,,,,suicide vest,,,,,,,,,,,,,,,,,,,,,,,,,,,,,,,,,,
UK-2017-LONDONBRIDGE,part02_2016-2017.md,2017-06-03,2017,UK,London,London Bridge + Borough Market,transit,Khuram Butt; Rachid Redouane; Youssef Zaghba,27,M,Pakistani British; Moroccan; Italian-Moroccan,UK,,C,11,8,Y,59,Renault van; ceramic knives; fake suicide vests,mixed,Saturday-night crowd,random_public,ISIS,ISIS-inspired,,,,GTD; UK Home Office,,1,,N,,jihadist,,,,,,,fake suicide vests (for martyrdom signaling),,,,,,,,,,,,,,,,,,,,,,,,,,,,,,,,,,
UK-2017-FINSBURY,part02_2016-2017.md,2017-06-19,2017,UK,London,Finsbury Park Mosque area,religious_site,Darren Osborne,47,M,White British,UK,Y,C,1,1,N,10,rented van,vehicle,Muslim worshippers leaving night prayer; hoped to kill Corbyn and Khan,religious,anti-Muslim revenge for UK grooming-gang cases,"far-right, rapid radicalization",medium,core_farright,life + 43,GTD; UK Home Office,,1,,N,,great_replacement,,,,,,,,,,"Twitter (Tommy Robinson, Britain First, EDL content feeds)",,,Tarrant (name inscribed on Christchurch firearms),1,,,,,,,,,,,,,,,,,,,,,,,,,,,
ESP-2017-BARCELONA,part02_2016-2017.md,2017-08-17,2017,Spain,Barcelona + Cambrils,La Rambla + Cambrils promenade,public_space,Ripoll cell (Younes Abouyaaqoub + 11 others),22,M,Moroccan,Spain,,PF,24,16,Y,152,van; kitchen knives; planned TATP bomb failed at Alcanar,mixed,tourists on La Rambla,random_public,ISIS,ISIS-inspired (directed by Imam Es Satty),low,jihadist,,GTD; Europol TE-SAT 2018,Audiencia Nacional judgment,1,"PF because main bomb failed at Alcanar, forcing improvised ramming. Deliberate suicide-by-cop martyrdom signalling via fake vests.",N,,jihadist,,,,,,,fake suicide vests at Cambrils (all 5 attackers + Abouyaaqoub),,,,,,,,,,,,,,,,,,,,,,,,,,,,,,,,,,
USA-2017-LASVEGAS,part02_2016-2017.md,2017-10-01,2017,USA,Las Vegas (NV),Route 91 Harvest festival (from Mandalay Bay),entertainment,Stephen Paddock,64,M,White,USA,Contested,C,61,60,Y,869,14 AR-15s w/ bump stocks + AR-10s (23 firearms in room),firearm,country music festival crowd,random_public,none,UNKNOWN — FBI BAU-1 Nov 2019 concluded no ideology,low,none,deceased (self-inflicted),GTD; Mother Jones; Violence Project #190,LVMPD After-Action Report; FBI BAU-1 Nov 2019,1,"PARADIGMATIC NULL CASE for ideological framework. Deadliest US mass shooting but outside all canonized traditions. Occasionally invoked for ""kill count"" in Saints discussions but not ideologically lionized. Essential falsification case for dissertation.",N,bump stocks (regulatory turning point),,N,,,,,,,,,video poker forums (no extremist identifiable),,,,,,,,,,,,,,,,,,,,,,,,,,,,,,,
USA-2017-SUTHERLAND,part02_2016-2017.md,2017-11-05,2017,USA,Sutherland Springs (TX),First Baptist Church,religious_site,Devin Patrick Kelley,26,M,White,USA,Y,C,27,26,Y,47,Ruger AR-556,firearm,churchgoers (DV/ex-in-law grievance at root),family,none,domestic-violence revenge against in-laws; peripheral atheist/edgelord affect,low,,deceased,GTD; Mother Jones; Violence Project #193,DOJ 2018 Sutherland Springs Report (USAF reporting failures),1,,N,,,,,,,,,tactical vest; skull-face mask,,,,,,,,,,,,,,,,skull mask,,,,,,,,,,,,,,,,,,
ITA-2018-MACERATA,part03_2018-2019.md,2018-02-03,2018,Italy,Macerata,drive-by shooting across city,public_space,Luca Traini,28,M,Italian,Italy,,C,0,0,N,6,Glock 17,firearm,sub-Saharan African migrants (drive-by),ethnic,anti-immigrant revenge (for murder of Pamela Mastropietro),neo-fascist,high,core_farright,12 years,GTD; Europol TE-SAT 2019,Italian court records,1,"Central saintly-canonisation moment in transnational accelerationist visual economy. Tricolor-cape + Roman salute + ""Viva l'Italia!"" at war memorial = single most reproduced performative image. Traini later publicly dissociated from Tarrant.",N,,great_replacement; neo_fascist,N,,,,,,Italian tricolor flag draped as cape at city war memorial; Wolfsangel tattoo on right forehead,no (but post-attack surrender ritual extensively documented),,Lega (failed candidacy),,,Tarrant (name inscribed on Christchurch firearms; cited in manifesto),1,,,,,,,,,,,,,,,,,,,,,,,,,,,
USA-2018-PARKLAND,part03_2018-2019.md,2018-02-14,2018,USA,Parkland (FL),Marjory Stoneman Douglas HS,school,Nikolas Cruz,19,M,White Hispanic,USA,Y,C,17,17,N,34,Smith & Wesson M&P15,firearm,students + teachers,school_random,none,mixed — severe mental health + racist/antisemitic/neo-Nazi flirtation + personal grievance,high,columbine_fandom,life without parole,GTD; Mother Jones; Violence Project #195,MSD Public Safety Commission Report 2019; DoE OIG,1,,Y,,columbine_fandom; accelerationist,Partial,"""Going to be the next school shooter"" YouTube comment (2017 FBI tip ignored)",,,,,,,,Instagram (racist/nazi content); YouTube,Columbine (Harris/Klebold),1,Henderson (Antioch 2025),1,,,Columbine research extensively,,,,,,,,,,,,,,,,,,,,,,,,
CAN-2018-TORONTO,part03_2018-2019.md,2018-04-23,2018,Canada,Toronto,Yonge Street (north Toronto),public_space,Alek Minassian,25,M,Armenian Canadian,Canada,Y,C,11,11,N,27,Ryder rental van,vehicle,pedestrians; women targeted (Rodger-style),women,"""Incel Rebellion""; ""Supreme Gentleman Elliot Rodger""",incel/misogynist terror,very_high,incel,life,GTD; Perry/Scrivens,R. v. Minassian judgment (2021); Hoffman/Ware/Shapiro 2020,1,,N,,incel,Partial,Facebook post minutes before attack,,forum_post,,Facebook,,,,Reddit; 4chan; incel forums,"Elliot Rodger (""Supreme Gentleman""); ""Chad/Stacy"" framework; ""4chan Sgt""",1,Davison (Plymouth 2021); Lex Ashton (CCH Sur 2025); numerous foiled incel plotters,2,,,,"Task-brief claim of Akihabara/Kato citation is NOT confirmed. Minassian cites Rodger + ""4chan Sgt"" only.",,,,Y,,,,,,,,,,,,,,autism,,,,,
USA-2018-SANTAFE,part03_2018-2019.md,2018-05-18,2018,USA,Santa Fe (TX),Santa Fe High School,school,Dimitrios Pagourtzis,17,M,Greek American,USA,,C,10,10,N,23,Remington 870 shotgun; .38 revolver,firearm,classmates in art classroom (rejected by female student Shana Fisher killed first),school_random,none,personal grievance + Columbine emulation,medium,columbine_fandom,found incompetent to stand trial; committed,GTD; Violence Project,Texas state reports; court filings,1,"Paradigm CONTINUED Columbine aesthetic replication — trench coat + boots + shotgun + Doom soundtrack + ""Born to Kill"" = direct Harris/Klebold copy 19 years later.",N,IEDs (unused); booby-traps planned,columbine_fandom,Partial,,,text (journal + pre-attack writings),,,"trench coat; ""Born to Kill"" T-shirt; smiley nazi-emblem hat; Baphomet + Cthulhu pins",,,,Harris/Klebold (Columbine) — explicit aesthetic replication,1,,,,,Columbine extensively; Doom music cited in pre-attack journal,,,,,,,,,,,,,,,,,,,,,,,,
BEL-2018-LIEGE,part03_2018-2019.md,2018-05-29,2018,Belgium,Liege,downtown Liege,public_space,Benjamin Herman,36,M,Belgian,Belgium,,C,4,3,Y,8,knife + stolen police pistol,mixed,2 police officers + civilian bystander,police,ISIS,ISIS-inspired; prison-radicalized (attacked on 48h prison leave),low,jihadist,,GTD; Europol TE-SAT 2019,,1,,N,,jihadist,,,,,,,,,,,,,,,,,,,,,,,,,,,,,,,,,,,,,,,,,
USA-2018-ANNAPOLIS,part03_2018-2019.md,2018-06-28,2018,USA,Annapolis (MD),Capital Gazette newsroom,workplace,Jarrod Ramos,38,M,White,USA,Contested,C,5,5,N,7,pump-action shotgun,firearm,newsroom staff (2-year grievance for defamation coverage),workplace,personal defamation grievance,personal grievance (multi-year stalking),,,5 life sentences,Mother Jones; Violence Project,,1,Newsroom-attack paradigm; not ideological.,N,,,,,,,,,,,,,,,,,,,,,,,,,,,,,,,,,,,,,,,,,,,
RUS-2018-KERCH,part03_2018-2019.md,2018-10-17,2018,Russia,Kerch (Crimea),Kerch Polytechnic College,school,Vladislav Roslyakov,18,M,Russian,Russia,,C,21,20,Y,94,Hatsan Escort Aimguard 12-gauge pump-action shotgun (legally purchased 4 days prior),mixed,classmates and teachers,school_random,none,Columbine-replication (officially ruled by Russian Investigative Committee),very_high,kolumbayn,deceased (self-inflicted),Russian Investigative Committee,Russian IC official attribution; Kruglova ICCT,1,Canonical Russian Kolumbayn founding saint. Investigative Committee officially named Roslyakov as the model copied by subsequent Russian school shooters — the single most court-evidenced contagion attribution in the entire dataset.,N,150 rounds; one nail/pipe IED detonated in cafeteria; additional IEDs defused on campus,kolumbayn,Partial,,,forum_post (VK diary ~2016),,VKontakte,"white T-shirt ""НЕНАВИСТЬ"" (HATRED) in black block letters; confiscated secondary shirts bore ""Natural Selection""",CCTV shows mid-attack costume change,,VKontakte (member of Harris/Klebold fan clubs),"Harris/Klebold (Columbine — ""Natural Selection"" direct Harris emulation; shotgun-mouth library suicide = Harris location)",1,"Monakhov (Nizhny Novgorod village Oct 2020, same Hatsan); Galyaviev (Kazan 2021); Bekmansurov (Perm 2021); Jakarta 2025 bomber wore НЕНАВИСТЬ T-shirt and inscribed Roslyakov on airsoft weapons; Timofey K (Odintsovo 2025, among saints)",5,,,VK posts referenced serial killers from ~2016 (alleged via Mash),,,,,Y,,,,,,,,,,,,,,,,,,,
USA-2018-PITTSBURGH,part03_2018-2019.md,2018-10-27,2018,USA,Pittsburgh (PA),Tree of Life / Or L'Simcha Synagogue,religious_site,Robert Bowers,46,M,White,USA,,C,11,11,N,17,Colt AR-15; three Glock .357s,firearm,Jewish worshippers (Tree of Life / Dor Hadash / New Light — HIAS-linked),religious,antisemitism; HIAS refugee-resettlement grievance,confirmed white-supremacist + Great Replacement,very_high,core_farright,federal death,GTD; ADL; GW Program,USA v. Bowers trial transcripts 2023; ADL post-incident,1,,N,,accelerationist; great_replacement,Partial,"final Gab post ""HIAS likes to bring invaders in that kill our people...Screw your optics, I'm going in.""",,forum_post,,Gab,,,,Gab (primary); Stormfront; Daily Stormer; 4chan /pol/,Great Replacement / Turner Diaries tropes,1,Earnest; Crusius; Gendron; Balliet; Krajcik; Henderson; Timofey K (Odintsovo 2025),6,,,,,,,,Y,,,,,,,,,,,,,,,,,,,
USA-2018-THOUSANDOAKS,part03_2018-2019.md,2018-11-07,2018,USA,Thousand Oaks (CA),Borderline Bar and Grill,entertainment,Ian David Long,28,M,White,USA,Y,C,13,12,Y,19,Glock 21 .45,firearm,country-dance night patrons,random_public,none,mental health / veteran PTSD,,,deceased,Mother Jones; Violence Project,,1,,N,,,,,,,,,,,,,,,,,,,,,,,,,,,,,,,,,,,,,,"Marine veteran, PTSD",,,,,
AUS-2018-BOURKE2,part03_2018-2019.md,2018-11-09,2018,Australia,Melbourne,Bourke Street,public_space,Hassan Khalif Shire Ali,30,M,Somali Australian,Australia,,C,2,1,Y,3,knife; burning vehicle,mixed,pedestrians (Sisto Malaspina stabbed),random_public,ISIS,ISIS-inspired,,,deceased (police),GTD; ASIO,,1,,N,,jihadist,,,,,,,,,,,,,,,,,,,,,,,,,,,,,,,,,,,,,,,,,
FRA-2018-STRASBOURG,part03_2018-2019.md,2018-12-11,2018,France,Strasbourg,Christmas market,public_space,Cherif Chekatt,29,M,French,France,,C,6,5,Y,17,revolver + knife,mixed,"Christmas market; asked one victim ""Are you Christian?"" before stabbing",random_public,ISIS,ISIS-inspired (27 prior convictions; pre-recorded bayah video at home),,,deceased,GTD; Europol TE-SAT 2019,,1,,N,,jihadist,Partial,,,video (pre-recorded bayah),,,,,,,,,,,,,,,,,,,,,,,,,,,,,,,,,,,,,
USA-2019-HASSON,part09_foiled_plots.md,2019-02-15,2019,USA,Silver Spring (MD) / Washington DC area,N/A (arrested before execution),government,Christopher Paul Hasson,49,M,White,USA (US Coast Guard lieutenant),,F,0,0,N,0,15 firearms + 1000+ rounds (stockpile),firearm,"Democratic politicians + MSNBC/CNN journalists + activists (Pelosi, Schumer, AOC, Maddow, Cuomo among listed)",political,Breivik-inspired accelerationist mass-casualty aspiration,confirmed accelerationist white-supremacist,medium,core_farright,13 years federal (2020),DOJ; ADL; GW,DOJ detention memo 2019; sentencing docs,1,"Early explicit Breivik-emulation plot in US federal service. ""The Target List"" was a direct 2083 template replication.",N,,accelerationist; great_replacement,Partial,,,emails to self + spreadsheet hit lists,,,,,,email drafts to self; minimal public social media,Breivik (explicit planning document based on 2083),1,,,,,"""civil war if trump impeached"", ""white supremacy"", ""weapons exercise while maintaining physical fitness"", explicit Breivik manifesto studies",,,,,,,,,,,,,,internet-history tripwire flagged by USCG IT after access to Breivik manifesto + planning docs,,,,,,,,,,
NZL-2019-CHRISTCHURCH,part03_2018-2019.md,2019-03-15,2019,New Zealand,Christchurch,Al Noor Mosque + Linwood Islamic Centre,religious_site,Brenton Tarrant,28,M,Australian,Australia,,C,51,51,N,91,AR-15s; shotguns,firearm,Muslim worshippers at Friday prayer,religious,Great Replacement; ecofascist; accelerationist,confirmed,very_high,core_farright,life without parole (first in NZ history),GTD; Europol; NZ Royal Commission,NZ Royal Commission of Inquiry Dec 2020; Macklin 2019 CTC Sentinel,1,FOUNDATIONAL modern Saints Score case. Livestream + gamified aesthetic + weapon-inscription + manifesto-posting ritual become the template for accelerationist attacks 2019–present.,N,weapons inscribed with names of prior attackers + historical crusade references,accelerationist; great_replacement; ecofascist,Y,"""The Great Replacement""",74,pdf,English,8chan /pol/ + emailed to NZ PM minutes before,tactical plate carrier; GoPro helmet-cam (Doom-like first-person framing),minimal; emphasis on gear and reconnaissance,,8chan /pol/; YouTube; Facebook; Discord; Stormfront; donated to Generation Identity,Breivik (claimed brief contact); Roof; Bowers; Traini; Lundin Pettersson; Bissonnette; Osborne; Lapshyn; Akerlund; Knight Templar iconography,9,Earnest; Crusius; Manshaus; Balliet; Rathjen; Gendron (primary); Krajcik (primary); Palmeter; Garcia; Gruppe S plot; Henderson; Timofey K (Odintsovo 2025); Kucukyetim (Eskisehir 2024); Casap; dozens of foiled plotters,15,,,,,,,"""Luca Traini""; ""Anton Lundin Pettersson""; ""Ebba Akerlund""; ""Alexandre Bissonnette""; ""Darren Osborne""; ""Pavlo Lapshyn""; ""14""; Battle-of-Vienna dates; historical crusade-era names",Y,,"""Karadzic, vodi Srbe svoje"" (Remove Kebab Serbian nationalist); British Grenadiers",Y,Y,Facebook Live,17,Y,Y,,GoPro helmet-cam,speedrun/first-person-shooter aesthetic,,,,,,,,
NLD-2019-UTRECHT,part03_2018-2019.md,2019-03-18,2019,Netherlands,Utrecht,24 Oktoberplein tram stop,transit,Gokmen Tanis,37,M,Turkish Dutch,Netherlands,,C,4,4,N,10,pistol,firearm,tram passengers,random_public,"""I do this for my faith"" (letter in getaway vehicle)",Islamist-inspired,,,life,GTD; Europol TE-SAT 2020,,1,,N,,jihadist,Partial,,,letter,,,,,,,,,,,Y,3 days after Christchurch (retaliatory framing),,,,,,,,,,,,,,,,,,,,,,,,,
USA-2019-POWAY,part03_2018-2019.md,2019-04-27,2019,USA,Poway (CA),Chabad of Poway synagogue (Passover),religious_site,John Earnest,19,M,White,USA,,PF,1,1,N,4,AR-15 (jammed),firearm,Jewish worshippers on Passover; earlier attempted arson of Escondido mosque (24 March),religious,antisemitism; accelerationism,confirmed,high,core_farright,life x 2 + 137 years,GTD; ADL; GNET,US v. Earnest plea agreement 2021; Ware 2020 GNET,1,"First attack where weapon malfunction + livestream failure are part of the ""canonized"" narrative in Terrorgram. Canonized despite low kill count.",N,,accelerationist,Y,"""An Open Letter""",,text,English,8chan /pol/ minutes before,,,,8chan /pol/; Discord; Bitchute,Tarrant; Bowers; Breivik,3,Manshaus; Balliet; Gendron; Krajcik; Henderson,5,,,,,,,black-sun / Boogaloo symbols,Y,,,Y,N,Facebook Live (immediately removed),,,,,,,,,,,,,,
USA-2019-STEM,part03_2018-2019.md,2019-05-07,2019,USA,Highlands Ranch (CO),STEM School Highlands Ranch,school,Devon Erickson; Alec McKinney,18,mixed,White; Hispanic,USA,,C,1,1,N,9,handguns,firearm,classmates,school_random,,Columbine aesthetic emulation + personal grievance,medium,columbine_fandom,life + multiple sentences,Violence Project,,2,,N,,columbine_fandom,,,,,,,,,,,Harris/Klebold (Columbine),1,,,,,,,,,,,,,,,,,,,,,,,,,,,,,
USA-2019-VABEACH,part03_2018-2019.md,2019-05-31,2019,USA,Virginia Beach (VA),Municipal Center Building 2,workplace,DeWayne Craddock,40,M,Black,USA,,C,13,12,Y,17,Heckler & Koch .45; Glock .45,firearm,city engineer coworkers,workplace,,personal/workplace grievance,low,,deceased,Mother Jones; Violence Project,,1,,N,suppressor,,,,,,,,,,,,,,,,,,,,,,,,,,,,,,,,,,,,,,,,,,
AUS-2019-DARWIN,part03_2018-2019.md,2019-06-04,2019,Australia,Darwin,Buffalo Club + Peter McAulay Centre,multi_site,Ben Hoffmann,45,M,White Australian,Australia,Y,C,4,4,N,5,"stolen pump-action shotgun (prohibited since 1996 NFA, stolen ~1997)",firearm,random and personal acquaintances,mixed,none,methamphetamine-driven; no ideology,,,life without parole,GTD; ASIO,,1,,N,,,,,,,,,,,,,,,,,,,,,,,,,,,,,,,,,,,,,,meth-induced psychosis,,,,,
JPN-2019-KYOANI,part03_2018-2019.md,2019-07-18,2019,Japan,Kyoto,Kyoto Animation Studio 1,workplace,Shinji Aoba,41,M,Japanese,Japan,Y,C,36,36,N,69,~40 L gasoline in two 20-L canisters; lighter,arson,"animation studio staff (literary-grievance: ""they stole my novel"")",workplace,KyoAni plagiarized his novel submission,literary grievance + severe mental illness,medium,none,death (25 Jan 2024; finalised 28 Jan 2025),Japanese court records,Kyoto District Court judgment,1,Worst mass-killing in Japan since WWII. Well-documented copycat chain in JP arson.,N,,,N,,,,,,,,,,,,"Square Enix threat 23 July 2019; Visual Arts/Key threat by Saiki Akagawa Aug 2019; Gainax threat Oct 2019; Shigeru Okada's Tokushima Acty Annex arson 14 March 2021 (told police ""imitating the Kyoto Animation incident"")",4,,,,,,,,,,,,,,,,,,,,,,,,,,JP-domestic copycat,
USA-2019-ELPASO,part03_2018-2019.md,2019-08-03,2019,USA,El Paso (TX),Cielo Vista Walmart,retail,Patrick Crusius,21,M,White,USA,,C,23,23,N,46,WASR-10 (AK variant),firearm,Hispanic/Mexican shoppers (drove from Allen TX),ethnic,anti-Hispanic / Great Replacement,confirmed white-supremacist,very_high,core_farright,federal 90 consecutive life sentences (2023 plea); state life Jul 2025,GTD; ADL; GW; CSIS,FBI affidavit; DOJ hate-crime plea 2023,1,,N,,accelerationist; great_replacement,Y,"""The Inconvenient Truth""",4,text,English,8chan /pol/ 19 min before,tactical earmuffs,,,8chan /pol/; Instagram,"Tarrant (explicit ""inspired by the Christchurch shooter"")",1,Gendron; Krajcik; Henderson; Timofey K (Odintsovo 2025),4,,,,,,,,Y,,,,,,,,,,,,,,,,,,,
USA-2019-DAYTON,part03_2018-2019.md,2019-08-04,2019,USA,Dayton (OH),Oregon District,entertainment,Connor Betts,24,M,White,USA,,C,10,9,Y,27,AR-15 pistol,firearm,nightlife crowd (sister killed first),mixed,none,"mixed — left-leaning Twitter + HS misogynist ""kill list"" + nihilist/drug-culture",low,,deceased,GTD; Mother Jones; Violence Project,,1,,Y,,,,,,,,,,,"""iamthespookster"" (Twitter)",Twitter; hardcore/metal scene,,,,,,,,,,,,,,,,,,,,,,,,,,,,,,,
USA-2019-CLIMO,part09_foiled_plots.md,2019-08-08,2019,USA,Las Vegas (NV),local synagogue + LGBTQ bar (targets),religious_site,Conor Climo,23,M,White,USA,,F,0,0,N,0,bomb-making components + bomb-design manuals,explosive,synagogue + LGBTQ bar reconnaissance,religious,Atomwaffen / Feuerkrieg Division affiliations,confirmed AWD-linked accelerationist,,,federal explosives charges,DOJ; ADL,,1,,N,,accelerationist; atomwaffen,,,,,,,,,,Discord (AWD channels); Telegram,,,,,,,,,,,,,,,,,,,,,FBI-UC Discord infiltration,,,,,,,,,,
NOR-2019-BAERUM,part03_2018-2019.md,2019-08-10,2019,Norway,Baerum,Al-Noor Mosque (after killing stepsister at home),religious_site,Philip Manshaus,21,M,Norwegian,Norway,,PF,1,1,N,2,Benelli shotgun; Ruger Mini-14,firearm,"mosque worshippers; Asian-adopted stepsister (Johanne Zhangjia Ihle-Hansen) killed first as ""race traitor""",religious,accelerationism / Great Replacement,confirmed,high,core_farright,21 years + 14 yrs preventive detention,GTD; Ravndal,Oslo District Court judgment 2020; Ravndal 2021,1,Subdued by 65-year-old worshipper Mohammad Rafiq. Early European Tarrant disciple.,N,,accelerationist; great_replacement,Y,"pre-attack Endchan post praising Tarrant, Earnest, Bowers + ""Valhalla, here I come""",,forum_post,,Endchan,,,,Endchan; 8chan /pol/; Discord,Tarrant; Earnest; Bowers,3,,,,,,,,,,,,,Y,N,helmet-cam (failed to broadcast),,,Y,,,,,,,,,,,
FIN-2019-KUOPIO,part03_2018-2019.md,2019-10-01,2019,Finland,Kuopio,Hermanni shopping centre (Savo Vocational College),retail,Joel Marin,25,M,Finnish,Finland,,C,1,1,N,11,Saxon longsword + Molotov cocktails,blade,students at vocational college,school_random,primarily inspired by Kauhajoki (planning since 2017),Columbine/Kauhajoki replication,medium,columbine_fandom,life,Finnish court,,2,,N,,columbine_fandom,,,,,,,medieval-themed dress,,,,Auvinen; Saari (Kauhajoki),2,,,,,,,,,,,,,,,,,,,,,,,,,,,,,
DEU-2019-HALLE,part03_2018-2019.md,2019-10-09,2019,Germany,Halle (Saale),Synagogue + Kiez-Doner kebab shop,religious_site,Stephan Balliet,27,M,German,Germany,,PF,2,2,N,4,3D-printed / home-built firearms (multiple improvised); IEDs,mixed,Jewish worshippers (Yom Kippur ~52 inside — door NOT breached); after failure killed passerby + kebab-shop patron,religious,"antisemitism + misogyny (""feminism causes mass immigration"") + Holocaust denial",confirmed,very_high,core_farright,life + preventive detention,GTD; BfV 2019; Europol TE-SAT 2020,Naumburg State Court judgment 2020; Macklin 2019 CTC Sentinel,1,"Twitch archived by 2,200 after 5 live viewers. Gamified speedrun aesthetic becomes template. DIY 3D-printed weapons contagion origin for later EU plots.",N,,accelerationist,Y,"""Thoughts on my target"" + weapons-documentation PDFs",,multimodal (multi-PDF + gamified achievements list),English (for 8chan/Meguca audience),Meguca imageboard ~10 min before,military dress; helmet-cam; English narration,,,Meguca; 8chan /pol/; Kohlchan; Twitch; 3D-printing gun community,Tarrant; Bowers; Earnest; Crusius; Breivik,5,Gendron; Krajcik; Henderson; Kucukyetim (Eskisehir); Timofey K (Odintsovo),5,,,,,,,"""nigger"" painted on one weapon",Y,,,Y,Y,Twitch,35,Y,Y,,helmet-cam,"""achievement"" callouts: ""Anti-Semitism — level unlocked""); gamified weapons-documentation",,,,,,,,
USA-2019-HOLZER,part09_foiled_plots.md,2019-11-01,2019,USA,Pueblo (CO),Temple Emanuel (target),religious_site,Richard Holzer,27,M,White,USA,,F,0,0,N,0,inert pipe bombs supplied by FBI UC,explosive,historic Pueblo synagogue,religious,white-supremacist; skinhead movement,confirmed,,,19.5 years federal (2021),DOJ; ADL,,1,,N,,accelerationist,,,,,,,,,,Facebook (extremist skinhead groups),,,,,,,,,,,,,,,,,,,,,"FBI UCs built rapport online, supplied inert devices",,,,,,,,,,
UK-2019-FISHMONGERS,part03_2018-2019.md,2019-11-29,2019,UK,London,Fishmongers' Hall rehabilitation conference,workplace,Usman Khan,28,M,Pakistani British,UK,,C,3,2,Y,5,knives taped to wrists; fake suicide vest,blade,Learning Together rehab conference attendees (incl. his mentor Jack Merritt),workplace,jihadist (released on licence from 2010 LSE-bomb plot),ISIS-inspired,,,deceased (police shot),GTD; UK Home Office,,1,Restrained with narwhal tusk + fire extinguisher. Pattern: institutional failure of released terrorist-offender management.,N,,jihadist,,,,,,,fake suicide vest; knives taped to wrists,,,,,,,,,,,,,,,,,,,,,,,,,,,,,,,,,,
USA-2020-BASE,part09_foiled_plots.md,2020-01-16,2020,USA,"multi-state (Delaware, Maryland, Georgia)",Richmond VA Lobby Day pro-gun rally (primary target),political,Brian Mark Lemley Jr.; Patrik Jordan Mathews; William Garfield Bilbrough IV,34,M,White,"USA (Lemley/Bilbrough); Canada (Mathews, ex-Canadian Army Reserve)",,F,0,0,N,0,modified AR-15 (Polymer80 build); stockpile,firearm,Virginia gun-rights rally (hoped to start race war),political,accelerationist white-supremacist; The Base,confirmed,,,Lemley 9 yrs; Mathews 9 yrs; Bilbrough 5 yrs (all federal),DOJ; ADL; Europol; RCMP,,1,,N,,accelerationist; atomwaffen,Partial,,,text (Telegram/Wire chat logs),,,,,,Wire; Telegram; The Base encrypted comms,,,,,,,,,The Base cell network (Rinaldo Nazzaro leadership),,,,,,,,,,,,FBI infiltration; Mathews fled Canada after Winnipeg Free Press expose,,,,,,,,,,
UK-2020-STREATHAM,part04_2020-2021.md,2020-02-02,2020,UK,London,Streatham High Road,public_space,Sudesh Amman,20,M,Sri Lankan British,UK,,PF,1,0,Y,3,kitchen knife + fake suicide vest,blade,"random pedestrians (released from prison 11 days earlier, under surveillance)",random_public,ISIS,ISIS-inspired,,,deceased (shot dead within ~90 seconds by surveillance firearms officers),GTD; UK Home Office,,1,Triggered Terrorist Offenders (Restriction of Early Release) Act 2020.,N,,jihadist,,,,,,,fake suicide vest,,,,,,,,,,,,,,,,,,,,,,,,,,,,,,,,,,
DEU-2020-GRUPPES,part09_foiled_plots.md,2020-02-14,2020,Germany,multi-state,"mosques (multiple, in 10 federal states)",religious_site,"Gruppe S / ""Group S"" (Werner S. + 11 co-conspirators)",,M,German,Germany,,F,0,0,N,0,firearms + stockpiled ammunition,firearm,10 simultaneous mosque attacks across German federal states — explicitly Tarrant-replicative,religious,far-right accelerationist; Tarrant emulation,confirmed,,,Werner S. 10 yrs 5 mo (2023); co-conspirators 7 yrs 11 mo to 5 yrs 2 mo,BfV; Europol TE-SAT 2021,BGH Federal Court of Justice 2023 verdict,1,Largest post-Tarrant far-right mass-attack plot successfully disrupted in Germany. Direct Christchurch-replication template.,N,,accelerationist; great_replacement,,,,,,,,,,,Tarrant (explicit plot modeling),1,,,,,,,,,,,,,,,,,,,Bundespolizei raids after informant tip,,,,,,,,,,
DEU-2020-HANAU,part04_2020-2021.md,2020-02-19,2020,Germany,Hanau,two shisha bars + perp home,entertainment,Tobias Rathjen,43,M,German,Germany,Y,C,11,10,Y,16,Walther PPQ; Glock 17,firearm,Kurdish/Turkish/Bosniak shisha-bar patrons; mother killed last,ethnic,"racist ""ethnic cleansing"" + paranoid conspiracism",mixed — right-wing extremism + severe paranoid delusions,medium,core_farright,deceased,GTD; BfV 2020; Europol TE-SAT 2021,Hessian parliamentary investigative committee,1,,Y,,great_replacement,Y,24-page manifesto + 5 video statements,24,multimodal (PDF + video),German + English,personal website + YouTube,,,,personal website; YouTube,,,referenced in Terrorgram materials,1,,,,,,,,,,,,,,,,,,,,,,paranoid schizoid,,,,,
DEU-2020-VOLKMARSEN,part04_2020-2021.md,2020-02-24,2020,Germany,Volkmarsen,Rosenmontag carnival parade,public_space,Maurice Pahler (P.),29,M,German,Germany,Contested,C,0,0,N,88,Mercedes car,vehicle,carnival parade (targeted children; 18 children among injured),random_public,silent in court,unclear; xenophobic motive suspected by prosecutors,,,"life + ""particular severity of guilt""",Ravndal RTV,,1,Distinctive self-documentation-without-distribution aesthetic. Silent-defendant stance.,Y,dashcam installed day before to film attack,,,,,,,,dashcam aesthetic — self-documentation without distribution,,,,,,,,,,,,,,,,,,,,,,,Y,,"dashcam, NOT distributed",,,,,,,,,
CAN-2020-NOVASCOTIA,part04_2020-2021.md,2020-04-18,2020,Canada,Portapique/central Nova Scotia,13-hour rural rampage,multi_site,Gabriel Wortman,51,M,White,Canada,N,C,23,22,Y,26,C8 rifle; Glock pistols (illegally smuggled from US); replica RCMP cruiser (Ford Taurus),mixed,denturist; 13-hour rampage across rural NS,mixed,none,domestic-violence root + anger/grievance; no ideology,low,,deceased,Mass Casualty Commission 2023,MCC Final Report 7 vols (2023),1,Unique aesthetic: police-impersonation replica + repainted decommissioned police vehicle.,N,,,,,,,,,replica RCMP uniform; decommissioned Ford Taurus police cruiser repainted,,,,,,,,,,,,,,,,,,,,,,,,,,,,,,,,,,
USA-2020-MELZER,part09_foiled_plots.md,2020-05-30,2020,USA,Italy/Turkey (Army target; plot disrupted in training),US Army unit overseas,workplace,Ethan Melzer,22,M,White,USA,,F,0,0,N,0,info leak to Order of Nine Angles + jihadist contacts,mixed,US Army unit in Turkey (ambush planning — classified info leak to extremist contacts),workplace,Order of Nine Angles + jihadist cross-over,confirmed Satanic/accelerationist; jihadist bridge case,,,45 years federal,DOJ; ADL,,1,"Key O9A-jihadist bridge case. Represents cross-ideological convergence pattern later formalized as ""Nihilistic Violent Extremism"" (NVE).",N,,o9a; accelerationist,,,,,,,,,,encrypted channels; O9A-linked Telegram,,,,,,,,,ISIS members contacted by Melzer to pass operational info,,,,,,,,,,,,Army counterintelligence + FBI,,,,,,,,,,
UK-2020-READING,part04_2020-2021.md,2020-06-20,2020,UK,Reading,Forbury Gardens,public_space,Khairi Saadallah,25,M,Libyan,UK (refugee),,C,3,3,N,6,knife,blade,friends in park,random_public,jihadist,ISIS-inspired (15 prior convictions; closed MI5 subject),,,whole-life order,GTD; UK Home Office,,1,2024 inquest found murders avoidable.,N,,jihadist,,,,,,,,,,,,,,,,,,,,Y,,,,,,,,,,,,,,,,,,,,,
USA-2020-WHITMER,part09_foiled_plots.md,2020-10-07,2020,USA,Michigan,Gov. Whitmer's vacation home (target),residence,Adam Fox; Barry Croft Jr. + co-conspirators,,M,White,USA,,F,0,0,N,0,firearms; IEDs,explosive,kidnap Gov. Gretchen Whitmer; storm state capitol,political,"""Boogaloo"" accelerationism; Wolverine Watchmen",confirmed anti-government extremism,,,Fox LWOP + 9 yrs; Croft 19.5 yrs; varied co-conspirators,DOJ; ADL; GW,,1,,N,,accelerationist; sovereign_citizen,,,,,,,,,,,,,,,,,,,,,,,,,,,,,,,FBI infiltrators + CHS penetration,,,,,,,,,,
FRA-2020-PATY,part04_2020-2021.md,2020-10-16,2020,France,Conflans-Sainte-Honorine,near Bois d'Aulne middle school,school,Abdoullakh Anzorov,18,M,Chechen,Russia (refugee),,C,2,1,Y,1,knife,blade,teacher Samuel Paty (beheaded; had shown Charlie Hebdo cartoons in class),political,Islamist,confirmed,medium,jihadist,deceased (police),GTD; Europol TE-SAT 2021,,1,,N,,jihadist; islamist,Partial,trophy-photo of Paty's severed head + caption to Macron,,forum_post,,Twitter @Tchetchene_270 (129 followers),,,@Tchetchene_270,Twitter; WhatsApp (incl. Russian-speaker IP in Idlib HTS zone),,,"Mogouchkov (Arras 2023, structural)",1,,,,,WhatsApp contact with parent-agitator Chnina + Russian speaker IP'd to Idlib,,,,,,,,,,,,,,,,,,,,,,
FRA-2020-NICECHURCH,part04_2020-2021.md,2020-10-29,2020,France,Nice,Notre-Dame basilica,religious_site,Brahim Aouissaoui,21,M,Tunisian,Tunisia,,C,3,3,N,6,knife,blade,Catholic worshippers (near-decapitation of Nadine Vincent),religious,Islamist,jihadist,,,life without parole 26 Feb 2025,GTD,,1,,N,,jihadist,N,,,,,,,,,minimal online output,,,,,,,,,,,,,,,,,,,,,,,,,,,,,,,
AUT-2020-VIENNA,part04_2020-2021.md,2020-11-02,2020,Austria,Vienna,Schwedenplatz / Ruprechtskirche district,entertainment,Kujtim Fejzulai,20,M,Macedonian Austrian,Austria/North Macedonia,,C,5,4,Y,28,AK-47; machete; fake suicide vest; pistol,mixed,bar/restaurant-goers pre-curfew eve,random_public,ISIS (pledge video),ISIS-inspired; previously jailed for Syria travel attempt; deradicalization program failure,low,jihadist,deceased,GTD; Europol TE-SAT 2021; BVT,Zerbes Report 2021,1,,N,,jihadist,,,,video,,,tactical vest; fake suicide belt,,,Telegram ISIS channels; met European jihadists on Bratislava weapons-buying trip,,,,,,,,,,,,,,,,,,,,,,,,,,,,,,,
USA-2021-ATLANTA,part04_2020-2021.md,2021-03-16,2021,USA,Atlanta metro (GA),three spa locations,workplace,Robert Aaron Long,21,M,White,USA,Contested,C,8,8,N,9,9mm pistol,firearm,Asian-majority women at spas,women,"""sexual addiction"" + Southern Baptist purity culture",contested — Fulton County charged as hate crime (anti-Asian) + intersectional misogyny + Christian purity culture,medium,incel,4 life sentences (Cherokee County); Fulton County hate-crime pending,GTD; ADL; Stop AAPI Hate,,1,,Y,,incel; religious_purity,,,,,,,,,,Discord; Reddit; Southern Baptist purity-culture podcasts,Elliot Rodger (structural),,,,,,,,,,,,,,,,,,,,,,,,,,,,,,
USA-2021-BOULDER,part04_2020-2021.md,2021-03-22,2021,USA,Boulder (CO),King Soopers supermarket (Table Mesa),retail,Ahmad Al Aliwi Alissa,21,M,Syrian American,USA,Y,C,10,10,N,11,Ruger AR-556 pistol,firearm,grocery shoppers + police officer Eric Talley,random_public,none,severe mental illness; paranoid schizophrenia,,,10 consecutive life sentences,Mother Jones; Violence Project,,1,,N,,,,,,,,,,,,,,,,,,,,,,,,,,,,,,,,,,,,,,schizophrenia,,,,,
USA-2021-FEDEX,part04_2020-2021.md,2021-04-15,2021,USA,Indianapolis (IN),FedEx Ground facility,workplace,Brandon Hole,19,M,White,USA,Y,C,9,8,Y,14,Ruger AR-556; HM Defense AR-15,firearm,FedEx workers (Sikh-majority workforce),workplace,,mental health (RFS flagged by FBI 2020) + My Little Pony Bronycon far-right fringe content,low,,deceased,Mother Jones; GVA,,1,,N,,bronycon_farright,,,,forum_post (Facebook MLP),,,,,,Facebook MLP groups,,,,,,,,,,,,,,,,,,,,,,,,,,,,,,,
RUS-2021-KAZAN,part04_2020-2021.md,2021-05-11,2021,Russia,Kazan,Gymnasium No. 175,school,Ilnaz Galyaviev,19,M,Tatar Russian,Russia,Y,C,9,9,N,32,Hatsan Escort semi-auto smoothbore (legal); homemade Ammonal-type IED,mixed,8th-grade classmates + 2 teachers at his former school,school_random,"""I am a god; I hate everyone""",Columbine-replication (officially ruled by Investigative Committee),high,kolumbayn,life 13 April 2023 (upheld on appeal),Russian Investigative Committee,Investigative Committee (Bastrykin Nov 2021); Kruglova; Nikishin 2021 Lex Russica,1,"Russian Investigative Committee officially ruled motivation was ""imitating the Columbine subcultural trend"" — cleanest single-source official attribution in the Kolumbayn chain.",N,,kolumbayn,Partial,,,forum_post (Telegram + cage-video),,Telegram,"long dark coat; black mask with ""БОГ"" (""GOD"")","Y — Telegram self-portrait in mask captioned ""Today I will kill a huge amount of biowaste and shoot myself""",,Telegram; VKontakte,Harris/Klebold (Columbine) — officially ruled by Investigative Committee,1,"Bekmansurov (Perm, explicitly in manifesto); Kazantsev; Afanaskina (alleged); Kozak (Prague 2023)",4,,,,,,,,,"balaclava with ""БОГ"" inscription",,,,,,,,,,,,,cerebral atrophy,,,,,
CAN-2021-LONDONON,part04_2020-2021.md,2021-06-06,2021,Canada,London (ON),intersection truck ramming,public_space,Nathaniel Veltman,20,M,White,Canada,,C,4,4,N,5,Dodge Ram truck,vehicle,Afzaal family (Muslim Pakistani-Canadian; 9-year-old boy Fayez sole survivor),religious,"""100% political""",confirmed white-supremacist + Great Replacement + UK grooming-gangs tropes,medium,core_farright,"life + terrorism (first-ever Canadian first-degree murder + terrorism in same case, Nov 2023)",GTD; Perry/Scrivens,R. v. Veltman judgment 2023,1,,N,,accelerationist; great_replacement; incel,,,,,,,military helmet + body-armour vest; white T-shirt with spray-painted cross,,,,,,,,,,,,,,,,,,,,,,,,,,,,,,,,,,
JPN-2021-ODAKYU,part04_2020-2021.md,2021-08-06,2021,Japan,Tokyo,Odakyu Line train,transit,Yusuke Tsushima,36,M,Japanese,Japan,,C,0,0,N,10,knife; cooking oil (arson attempt),blade,"commuters (9 of 10 injured were female — ""winner women"" 勝ち組女)",women,"""About 6 years ago, I saw a happy woman and wanted to kill her""",incel-adjacent / misogynist,medium,incel,19 years,NHK; Japan Times,,1,Catalyst for Keio Joker attack (Hattori cited Odakyu as model).,N,,incel,,,,,,,,,,,,,,,,,,Task-brief claim of textual Elliot Rodger citation NOT confirmed in English-language court coverage. Structural parallel only.,,,,,,,,,,,,,,,,,,,,,,,
UK-2021-PLYMOUTH,part04_2020-2021.md,2021-08-12,2021,UK,Plymouth,Keyham neighborhood,public_space,Jake Davison,22,M,White British,UK,Y,C,6,5,Y,8,pump-action Weatherby shotgun (legally held),firearm,mother (killed first) + neighbors + random passersby + 3-year-old Sophie Martyn,mixed,"incel / ""blackpill""",confirmed incel,high,incel,deceased,UK Home Office; ADL,UK IOPC review; Plymouth inquest 2023,1,,N,,incel,Partial,,,multimodal (YouTube vlogs + Reddit posts),,YouTube; Reddit; 4chan,,Y; extensive YouTube vlogging,"""Professor_Waffles"" and various",YouTube; Reddit (incel/manosphere); 4chan,Elliot Rodger (explicit),1,"Lex Ashton (CCH Sur 2025, structural)",1,,,,,,,,,,,,,,,,,,,,,,autism + depression,,,,,
NZL-2021-LYNNMALL,part04_2020-2021.md,2021-09-03,2021,New Zealand,Auckland,Countdown LynnMall,retail,Ahamed Samsudeen,32,M,Sri Lankan Tamil-Muslim,Sri Lanka,,PF,1,0,Y,7,knife grabbed from Countdown shelf,blade,shoppers at supermarket,random_public,ISIS,ISIS-inspired,,,deceased (Special Tactics Group),GTD; NZ SIS,,1,Under continuous surveillance; weapon grabbed from store to evade watchers.,N,,jihadist,,,,,,,green khaki camouflage hoodie + pants + red glove,,,Telegram,,,,,,,,,,,,,,nasheeds on phone,,,,,,,,,,,,,,,,,
RUS-2021-PERM,part04_2020-2021.md,2021-09-20,2021,Russia,Perm,Perm State University,university,Timur Bekmansurov,18,M,Russian,Russia,Y,C,6,6,N,53,legally purchased smoothbore shotgun; knife,firearm,law faculty students (also hit by window-jumping),university_random,"""My Anger"" VK post explicitly non-ideological",Columbine-Kolumbayn subculture; imitation of Galyaviev,high,kolumbayn,life (December 2022),Russian Investigative Committee; Kruglova ICCT,,1,"CLEANEST textual citation in entire Kolumbayn chain. Bekmansurov's ""My Anger"" post explicitly names Galyaviev minutes before attack — the most documented single-case contagion citation in the dataset.",N,,kolumbayn,Y,"""My Anger""",,forum_post (VK),Russian,VKontakte (long post minutes before attack),ammunition bandolier; ballistic helmet; tactical cosplay,Y — VK selfie standing with shotgun + bandolier + helmet + middle finger; farewell VK post worrying about pet cat,,VKontakte,Ilnaz Galyaviev (Kazan — EXPLICIT textual citation by name),1,,,,,,"Task-brief ""helmet-cam"" claim NOT confirmed in primary Russian press.",,,,,,,,,,,,,,,,,,,,,,,
NOR-2021-KONGSBERG,part04_2020-2021.md,2021-10-13,2021,Norway,Kongsberg,Coop supermarket + streets,retail,Espen Andersen Brathen,37,M,Danish,Denmark,Y,C,5,5,N,8,compound bow + 62 arrows + 4 knives + stolen handgun,mixed,townspeople in residential area,random_public,none at attack,"severe mental illness (psychotic episode); had converted to Islam + made 2017 IS-sympathetic YouTube video, but court found no ideological motive",,,compulsory mental-health care,Europol TE-SAT 2022,,1,,Y,,,,,,,,,medieval-weapon aesthetic,,,"YouTube (2017 video, old)",,,,,,,,,,,,,,,,,,,,,,,,,,paranoid schizophrenia,,,,,
UK-2021-AMESS,part04_2020-2021.md,2021-10-15,2021,UK,Leigh-on-Sea,Belfairs Methodist Church constituency surgery,religious_site,Ali Harbi Ali,25,M,British-Somali,UK,,C,1,1,N,1,knife,blade,Sir David Amess MP (stabbed 20+ times),political,ISIS,ISIS-inspired; researched >250 MPs over 2 years,,,whole-life order,GTD; UK Home Office,,1,,N,,jihadist,,,,,,,,,,,,,,,,,,,,,,,,,,,,,,,,,,,,,,,,,
JPN-2021-KEIO,part04_2020-2021.md,2021-10-31,2021,Japan,Tokyo,Keio Line train,transit,Kyota Hattori,24,M,Japanese,Japan,,C,0,0,N,17,knife + lighter fluid + pesticide spray,mixed,train passengers toward Shinjuku,random_public,emulation of Odakyu attack,copycat of Tsushima Odakyu 2021,medium,none,23 years,Japanese court; NHK,,1,,N,,,,,,,,,"Joker costume (green shirt, blue suit, purple jacket, tie) — Joaquin Phoenix/Todd Phillips 2019 ""Joker""",,,,Tsushima (Odakyu Aug 2021 — EXPLICIT court-documented),1,Shinkansen copycat 8 Nov 2021,1,,,,"Task-brief ""explicit Aurora/Holmes reference"" NOT verified. Hattori's costume cites 2019 Phillips/Phoenix ""Joker"" film + mythic-media Aurora ""Joker"" memory, not Holmes directly. ""Rodger-admiration"" also unverified.",,,,,,,,,,,,,,,,,,,,,,,
UK-2021-LIVERPOOL,part04_2020-2021.md,2021-11-14,2021,UK,Liverpool,Women's Hospital (Remembrance Sunday),healthcare,Emad Al-Swealmeen,32,M,Iraqi-Jordanian,UK (asylum-rejected),,PF,1,0,Y,2,shrapnel IED in taxi (detonated prematurely),explosive,hospital entrance on Remembrance Sunday,religious,,asylum-rejection/state-grievance frame with mental-health overlay,,,deceased (own device),GTD; UK Home Office,,1,Only attacker killed. Frame contested between jihadist/mental-health.,N,,misc,,,,,,,,,,,,,,,,,,,,,,,,,,,,,,,,,,,,,,,,,
USA-2021-OXFORD,part04_2020-2021.md,2021-11-30,2021,USA,Oxford (MI),Oxford High School,school,Ethan Crumbley,15,M,White,USA,Y,C,4,4,N,11,SIG Sauer SP2022 (father's gift 4 days before),firearm,classmates,school_random,none,mental health + family instability,low,columbine_fandom,life without parole (first US juvenile LWOP post-Miller); parents Jennifer & James Crumbley both convicted involuntary manslaughter (FIRST-EVER US parent conviction for child's mass shooting),Mother Jones; Violence Project,Oakland County judgment 2023; People v. Crumbley,1,Watershed case for parental criminal liability in US school shootings.,N,,,,,,text (journal),,,,,,Discord; Instagram,,,,,,,,,,,,,,,,,,,,,,,,,,,,,,,
DEU-2022-VEREINTEPATRIOTEN,part09_foiled_plots.md,2022-04-14,2022,Germany,multi-state,Reichstag; Karl Lauterbach kidnap (targets),government,"""Vereinte Patrioten"" cell",,mixed,German,Germany,,F,0,0,N,0,firearms + explosives (planned),mixed,topple state; kidnap Health Minister Lauterbach; trigger civil war,political,Reichsburger; QAnon-adjacent; COVID conspiracism,confirmed,,,various (7-8 yrs for leadership),BfV; Europol TE-SAT 2023,,1,,N,,reichsburger; sovereign_citizen; covid_conspiracist,,,,,,,,,,,,,,,,,,,,,,,,,,,,,,,BKA raids,,,,,,,,,,
USA-2022-BUFFALO,part05_2022.md,2022-05-14,2022,USA,Buffalo (NY),Tops Friendly Markets,retail,Payton Gendron,18,M,White,USA,,C,10,10,N,13,Bushmaster XM-15 (modified),firearm,Black shoppers (predominantly-Black zip code deliberately selected),ethnic,Great Replacement / white genocide,confirmed white-supremacist accelerationist,very_high,core_farright,11 consecutive life sentences (state); federal death penalty initially then life 2025,GTD; ADL; GW; GNET; CSIS,NY AG Letitia James Investigative Report Oct 2022; US v. Gendron plea 2022,1,"Twitch fastest-ever livestream takedown to date. Now canonized himself; manifesto is itself a canon artifact referenced by Krajcik, Henderson, Timofey K.",N,extensively inscribed with slurs + prior-attacker references,accelerationist; great_replacement,Y,"""(untitled 180-page manifesto) + 673-page Discord diary""",180,multimodal (PDF heavily plagiarized from Tarrant + private Discord diary),English,"4chan /pol/ + private Discord ""Cage"" server (invited 15 users ~30 min before)",tactical plate carrier; GoPro helmet-cam,reconnaissance trips to Buffalo documented week-by-week in Discord diary,,"4chan /pol/; Discord (private ""Cage"" server); Reddit; 4chan /k/",Tarrant (primary); Roof; Bowers; Earnest; Crusius; Breivik; cites Hanau + Halle,7,"Krajcik (named as ""final nail in the coffin""); Henderson; Timofey K (Odintsovo 2025); many later plotters",5,,,extensive; documented in 673-page diary,,invited 15 users to Discord ~30 min before attack,,"N-word; ""14""; black sun; swastika; ""Vincent W. Chevrier"" (Sandy Hook parent name); numbers/names of prior attackers",Y,,,Y,Y,Twitch,2,Y,Y,,GoPro,speedrun aesthetic,,,,,,,,
USA-2022-UVALDE,part05_2022.md,2022-05-24,2022,USA,Uvalde (TX),Robb Elementary,school,Salvador Ramos,18,M,Hispanic,USA,,C,22,21,Y,39,2 Daniel Defense AR-15s,firearm,4th-graders (2 classrooms) + 2 teachers,school_random,none,no clear ideology; personal grievance; Instagram-based grooming/threats pattern,low,columbine_fandom,deceased,Mother Jones; Violence Project,TX House Investigative Committee Report Jul 2022; DOJ Critical Incident Review Jan 2024,1,,N,,,,,,,,,,,,Yubo; Instagram; Discord; Call of Duty gaming,Columbine (brief),,,,,,,,,,,,,,,,,,,,,,,,,,,,,,
NOR-2022-OSLOPRIDE,part05_2022.md,2022-06-25,2022,Norway,Oslo,London Pub + Per på hjørnet (Pride eve),entertainment,Zaniar Matapour,42,M,Kurdish-Iranian,Norway,,C,2,2,N,11,submachine gun + pistol,firearm,LGBTQ patrons on Pride eve,lgbtq,ISIS (audio bayah before attack),jihadist; contact with Arfan Bhatti; known to PST since 2015,,,30 years preventive detention (July 2024; harshest modern Norwegian sentence),Europol TE-SAT 2023,,1,Only IS-linked completed terror attack in Norway.,N,,jihadist,,,,audio bayah,,,,,,,,,,,,,,,Arfan Bhatti network,,,,,,,,,,,,,,,,,,,,,,
DNK-2022-COPENHAGEN,part05_2022.md,2022-07-03,2022,Denmark,Copenhagen,Field's shopping mall,retail,Noah Esbensen (name subject to Danish publication ban),22,M,Danish,Denmark,Y,C,3,3,N,7,father's hunting rifle + handgun + knife,firearm,"mall shoppers (originally planned kindergarten attack — floor-plan, schedule recovered)",random_public,none,schizophrenia/psychosis; tried to reach mental-health helpline 16 min before attack,medium,tcc,indefinite forensic psychiatric commitment (found insane),Danish court,,1,Distinctive case of US→Denmark YouTube contagion (Randy Stair was a non-mass-fatality YouTuber shooter cited by Esbensen as the aesthetic model).,N,,,Partial,,,video (two pre-attack USB video recordings),,,,,,minimal,"Randy Stair (Eaton Township Weis Markets 2017 YouTuber shooter) — DOCUMENTED US CONTAGION: cited as inspiration whose videos ""opened his eyes""",1,,,,,,,,,,,,,,,,,,,,,,,,diagnosed schizophrenia/psychosis,,,,,
USA-2022-HIGHLAND,part05_2022.md,2022-07-04,2022,USA,Highland Park (IL),July 4 parade,public_space,"Robert ""Bobby"" Crimo III",21,M,White,USA,,C,7,7,N,55,Smith & Wesson M&P15,firearm,parade crowd,random_public,none,mixed — nihilist/misogynist online persona + meme far-right iconography + personal,low,,7 life sentences (March 2024 plea),GTD; ADL,,1,,Y,,misc,,,,"video (""Awake the Rapper"" music videos)",,,rooftop tactical aesthetic; abandoned feminine disguise,,,YouTube; Discord; SoundCloud; 4chan,,,,,,,,,,,,,,,,,,,,,,,,,,,,,,,
JPN-2022-ABE,part05_2022.md,2022-07-08,2022,Japan,Nara,Nara Station campaign rally,public_space,Tetsuya Yamagami,41,M,Japanese,Japan,N,C,1,1,N,1,homemade double-barrelled zip gun (two 40-cm metal pipes duct-taped + wooden stock; battery-ignited; fertilizer-derived powder; plastic shells with ball-bearings),firearm,former PM Shinzo Abe (left subclavian artery),political,Unification Church grievance (mother donated ~100M yen; family bankrupt 2002; Abe's Sept 2021 video to UPF/UC front triggered target switch),personal/institutional grievance against UC,medium,misc,life (21 Jan 2026),Japanese court; Japan Times,Nara District Court; Nara Prefectural Police forensic reports,1,DIY-internet-weapon paradigm case. Catalyst for 2022-2023 JP political violence cluster. Drove massive post-attack UC investigation and dissolution proceedings.,N,test-fired previous night at Unification Church Nara-branch (6 bullet holes),misc,,,,,,,,,,YouTube (DIY construction tutorials),,,"Kimura (Kishida 2023, structural/behavioral)",1,,,"learned bomb- and gun-making from YouTube videos (per Nara prefectural police, Japan Times)",,,,,,,,,,,,,,,,,,,,,,,,
CAN-2022-JAMESSMITH,part05_2022.md,2022-09-04,2022,Canada,James Smith Cree Nation + Weldon (SK),multi-site (42 crime scenes),multi_site,Myles Sanderson,32,M,Indigenous Canadian,Canada,,C,12,11,Y,28,knives,blade,domestic + neighbors + strangers across 42 crime scenes,mixed,,DV escalation; PCL 33/40 (top 6% violent reoffence risk); 59 prior adult convictions,,,deceased (police custody after 4-day manhunt),RCMP; CBC,,1,Worst mass stabbing in Canadian history.,N,,,,,,,,,,,,,,,,,,,,,,Y,,,,,,,,,,,,,,,,,,,,,
RUS-2022-IZHEVSK,part05_2022.md,2022-09-26,2022,Russia,Izhevsk,School No. 88,school,Artyom Kazantsev,34,M,Russian,Russia,Y,C,18,17,Y,42,two Makarov-pattern traumatic pistols illegally converted to live ammunition,firearm,alumnus of school; killed 11 children (ages 7-15) + 2 guards + 3 teachers + cloakroom attendant + cleaner; 11 children permanently disabled,school_random,"unclear — ""Manifesto"" file recovered but publication blocked by Russian authorities",Columbiner + neo-Nazi Saints iconography fusion,high,kolumbayn,deceased (self-inflicted),Russian Investigative Committee,,1,First Russian case to fuse Columbiner + neo-Nazi Saints iconography visually.,N,44 magazines / 352 rounds; baby-monitor surveillance device,kolumbayn; accelerationist,Y,,,unspecified recovered file (publication blocked),,recovered locally,black T-shirt with hand-drawn red swastika; black balaclava,,,,Harris/Klebold (keychains on weapons lanyard); Roslyakov/Kolumbayn canon,2,,,,,,,,,"""ненависть"" / ""HATE"" on pistol magazines; Harris/Klebold keychains on lanyard",,balaclava,,,,,,,,,,,,,schizophrenia; declared insane after 2008 knife attack but never committed,,,,,
SVK-2022-BRATISLAVA,part05_2022.md,2022-10-12,2022,Slovakia,Bratislava,Teplaren LGBT bar,entertainment,Juraj Krajcik,19,M,Slovak,Slovakia,,C,3,2,Y,4,father's .45 pistol + second gun later,firearm,"LGBTQ bar patrons; also targeted PM Heger, PM Fico, Education Minister Grohling per recce photos",lgbtq,Great Replacement + antisemitism + anti-LGBTQ + accelerationism,confirmed,very_high,core_farright,deceased (self-inflicted next morning),Europol TE-SAT 2023; ARC; GNET; RSIS,"ARC 2023 Kupper/Rekawek/Kriner; PBS FRONTLINE/ProPublica ""Rise and Fall of Terrorgram"" 2025",1,"PARADIGMATIC Saints-canon case. Labeled ""Terrorgram's First Saint"". DOJ indictment of Humber/Allison cites him as central ""guided"" attack.",N,,accelerationist; great_replacement; terrorgram,Y,"""A Call to Arms""",65,pdf,English,Twitter + Endchan hours before; post-attack Twitter/4chan/Endchan posts + suicide note,,Y — selfie tweets at target site in months prior,"@NTMA0315 (""Never Take Me Alive, March 15"" = Tarrant date)",Terrorgram (Telegram) — central; Twitter @NTMA0315; 4chan /pol/; Endchan,"Tarrant (primary — calls himself ""Saint Tarrant's 6th Disciple""); Earnest; Bowers; Gendron (""final nail in the coffin""); Breivik; cites Militant Accelerationism + Hard Reset (Terrorgram pubs)",5,"Henderson; Casap (explicit in ""Accelerate the Collapse"" manifesto); Timofey K (Odintsovo); Kucukyetim (Eskisehir 2024)",4,,,,,Terrorgram Collective (Humber alleged audiobook narration of his manifesto); Benadik (Slovak Terrorgram mentor),,,Y,,,,,,,,,,,,,,,,,,,
USA-2022-CLUBQ,part05_2022.md,2022-11-19,2022,USA,Colorado Springs (CO),Club Q (Drag Brunch),entertainment,Anderson Lee Aldrich,22,M,White,USA,,C,5,5,N,24,PSA AR-15; Glock,firearm,LGBTQ bar drag brunch attendees,lgbtq,claimed non-binary identity in post-arrest filing (contested by prosecutors and survivors),"contested — prior 2021 bomb-threat arrest + family-operated ""asianspider.com"" neo-Nazi-themed website + gaming communities racist/nazi content",contested,core_farright,life + federal hate-crime plea Jun 2024,GTD; ADL,,1,,Y,,accelerationist,,,,,,,,,,gaming platforms; asianspider.com,,,,,,,,,,,,,,,,,,,,,,,,,,,,,,,
USA-2022-CHESAPEAKE,part05_2022.md,2022-11-22,2022,USA,Chesapeake (VA),Walmart break room,workplace,Andre Bing,31,M,Black,USA,,C,7,6,Y,11,9mm handgun,firearm,coworkers,workplace,,personal workplace grievance,,,deceased,Mother Jones,,1,,N,,,,,,"forum_post (phone note ""Death Note"")",,,,,,,,,,,,,,,,,,,,,,,,,,,,,,,,,,,,,
DEU-2022-REUSS,part09_foiled_plots.md,2022-12-07,2022,Germany,multi-state (25+ raids),Reichstag (target),government,Heinrich XIII Prinz Reuss cell (25+ arrested),71,mixed,German,Germany,,F,0,0,N,0,"firearms arsenal; explosives; ""military plan""",mixed,"storm Reichstag; install Reuss as head of state in new ""Second Reich""",political,Reichsburger monarchism + QAnon + COVID conspiracism,confirmed,,,multiple trials underway 2024-2026,BfV; BKA; Europol TE-SAT 2023,,1,Largest-ever Reichsburger raid. Former Bundeswehr/KSK officers implicated.,N,,reichsburger; sovereign_citizen; covid_conspiracist,,,,,,,,,,,,,,,,,,,,,,,,,,,,,,,BKA raids across 11 states,,,,,,,,,,
AUS-2022-WIEAMBILLA,part05_2022.md,2022-12-12,2022,Australia,Wieambilla (QLD),rural property police ambush,rural,Gareth Train; Stacey Train; Nathaniel Train,47,mixed,White,Australia,,C,6,3,Y,6,multiple firearms; camouflaged hardwood-log bunker,firearm,"2 QPS officers (Arnold, McCrow) + neighbor Alan Dare",police,Christian premillennialism + sovereign-citizen + anti-vax,"shared delusional disorder (Qld coroner accepted psychiatric evidence); CVE-novel ""Christian terrorism"" classification",,,deceased (police); Day arrested 2023,ASIO; Qld Coroner,Queensland Coroner's Inquest Terry Ryan (5-week 2024); final report pending,1,,Y,,sovereign_citizen; premillennialist; covid_conspiracist,Partial,,,"video (post-attack YouTube upload to ""Mrs Yugi Girawil"" channel, deleted)",,YouTube,camouflage; bunker,,,YouTube,,,,,,,,"Task-brief ""Waco/Branch Davidian aesthetic replication"" is analytical frame; camouflaged bunker confirmed, but direct Waco iconography in Train videos was not found in English primary sources. Recommend Queensland Coroner transcripts.",US-based Arizona conspiracy theorist Donald Day Jr (58) — YouTube interactions May 2021-Dec 2022; commented on post-attack video; arrested Dec 2023,,,,,,,,,,,,,,,,,,,,,,
USA-2023-MONTEREY,part06_2023.md,2023-01-21,2023,USA,Monterey Park (CA),Star Ballroom Dance Studio (Lunar New Year),entertainment,Huu Can Tran,72,M,Chinese American,USA,,C,12,11,Y,21,MAC-10,firearm,older Asian-American ballroom dancers (former community),community,none,personal grievance (community paranoia),low,,deceased,Mother Jones; Violence Project,,1,,N,,,,,,,,,,,,,,,,,,,,,,,,,,,,,,,,,,,,,,,,,,,
USA-2023-HALFMOONBAY,part06_2023.md,2023-01-23,2023,USA,Half Moon Bay (CA),two mushroom farms,workplace,Chunli Zhao,66,M,Chinese American,USA,,C,7,7,N,8,handgun,firearm,coworkers at 2 farms,workplace,,workplace grievance; $100 repair dispute,,,life without parole,Mother Jones,,1,,N,,,,,,,,,,,,,,,,,,,,,,,,,,,,,,,,,,,,,,,,,,,
ESP-2023-ALGECIRAS,part06_2023.md,2023-01-25,2023,Spain,Algeciras (Cadiz),La Palma Church + San Isidro Church,religious_site,Yassine Kanjaa,25,M,Moroccan,Spain,Y,C,1,1,N,2,machete,blade,church staff (sacristan Diego Valencia killed),religious,Islamist (initially),terrorism charges DISMISSED Oct 2025 — schizophrenic messianic ideation,,,up to 30 years in penitentiary psychiatric facility,Audiencia Nacional,,1,,Y,,,,,,,,,,,,,,,,,,,,,,,,,,,,,,,,,,,,,,schizophrenic/messianic,,,,,
DEU-2023-BROKSTEDT,part06_2023.md,2023-01-25,2023,Germany,Brokstedt,regional train,transit,Ibrahim A.,33,M,stateless Palestinian,stateless,,C,2,2,N,7,kitchen knife,blade,train passengers,random_public,explicit self-identification with Anis Amri,"jihadist-inspired (quote to prison psychiatrist before release: ""there is not just one Anis Amri, there are several, I am one too"")",medium,jihadist,life April 2024; BGH-confirmed Jan 2025,German court; Europol TE-SAT 2024,,1,,N,,jihadist,,,,,,,"ritualised pre-attack: removed jacket, performed stretching exercises, blocked doorway",,,,Anis Amri (Berlin 2016) — EXPLICIT,1,,,,,,,,,,,,,,,,,,,,,,,,,,,,,
USA-2023-NASHVILLE,part06_2023.md,2023-03-27,2023,USA,Nashville (TN),Covenant School (Presbyterian),school,Audrey Hale,28,trans_FtM,White,USA,Y,C,7,6,Y,7,KelTec SUB2000; AR-pistol; Smith & Wesson M&P Shield,firearm,"private Christian school (3rd-grade students, head of school, custodian, substitute teacher)",school_random,unclear,"contested — writings (2024 leaks + 2025 TBI release) revealed obsession with prior mass shooters (Sandy Hook, Columbine) + personal identity issues + no coherent ideology",medium,columbine_fandom,deceased,GTD; Violence Project,MNPD reports 2024-2025; TBI,1,,Y,,columbine_fandom; tcc,Y,"writings + drawings + ""manifesto"" pages",,text (handwritten journal + drawings),,recovered locally; official 2025 TBI release,,,,Instagram; YouTube; Discord (mass-shooter-fandom),Sandy Hook (Lanza); Columbine (Harris/Klebold); Parkland (Cruz),3,Rupnow (direct Columbine canon); Henderson,2,,,extensive Columbine and Sandy Hook research,"Full manifesto leaked pages in 2024 remain of disputed authenticity; official 2025 TBI release preferred source. Bryansk/Afanaskina ""Hale admiration"" claim is UNVERIFIED (Russian investigators determined the ""internet diary"" was fabricated post-mortem).",,,,,,,,,,,,,,,,,,,,,,,
USA-2023-LOUISVILLE,part06_2023.md,2023-04-10,2023,USA,Louisville (KY),Old National Bank,workplace,Connor Sturgeon,25,M,White,USA,Y,C,6,5,Y,14,AR-15,firearm,coworkers (bank staff),workplace,,workplace grievance + mental health,,,deceased,Mother Jones,,1,,N,,,,,,,,,,,,,,,,,,,,,,,,,,,Y,Y,Instagram Live,,,,,,,,,CTE diagnosed post-mortem,,,,,
JPN-2023-KISHIDA,part06_2023.md,2023-04-15,2023,Japan,Wakayama (Saikazaki port),campaign event,public_space,Ryuji Kimura,24,M,Japanese,Japan,,PF,0,0,N,1,pipe bomb,explosive,PM Kishida assassination attempt (device thrown at rally),political,electoral-system grievance (prior Kobe District Court suit June 2022),"personal grievance — Wakayama District Court ruled motive to ""attract public attention and promote his views on the election system""; called for ""severe punishment to prevent copycats""",medium,misc,10 years (upheld by Supreme Court 31 March 2026),Japanese court,,1,,N,,,,,,,,,,,23 Twitter posts since June 2022,Twitter,"Yamagami (Abe 2022) — behavioral/thematic parallel, NOT textual citation (Kimura refused to speak with police)",0,,,,,,"Task-brief claim of ""explicit citation of Yamagami"" NOT textually confirmed — Kimura refused to speak with police. Behavioral/thematic chain (same target class, same DIY-internet construction logic, 9-month interval) is near-universally assumed but inferential only.",,,,,,,,,,,,,,,,,,,,,,,
USA-2023-ALLEN,part06_2023.md,2023-05-06,2023,USA,Allen (TX),Allen Premium Outlets,retail,Mauricio Garcia,33,M,Hispanic,USA,,C,9,8,Y,16,AR-15 + multiple handguns,firearm,shopping-mall crowd (multiple Asian-American victims),ethnic,neo-Nazi / white-supremacist (Hispanic perpetrator),"confirmed — RWDS patch, Odnoklassniki archive, swastika/SS/black-sun imagery, anti-Asian race war",high,core_farright,deceased,GTD; ADL; GW,FBI-Dallas PIO; ADL CoE analysis May 2023; Bellingcat,1,,N,,accelerationist; rwds,Y,,700,multi_post_archive,English + Spanish,"Odnoklassniki / OK.ru (Russian platform, chosen to evade US moderation)","RWDS (Right Wing Death Squad) patch during attack; tactical helmet/plate carrier; ""third reich"" tattoo; military-style dress",,,Odnoklassniki / OK.ru (primary); 4chan; Telegram; incel forums,Tarrant; Breivik; Rodger (partial),3,Timofey K (Odintsovo — engraved on imitation pistol),1,,,,,,,,,,,,,,,,,,,,,,,,,,,
JPN-2023-NAGANO,part06_2023.md,2023-05-25,2023,Japan,Nakano (Nagano Pref.),residential area,rural,Masanori Aoki,31,M,Japanese,Japan,,C,4,4,N,4,hunting rifle + knife,mixed,2 police officers + 2 women,mixed,none clearly public,personal grievance,,,death (Oct 2025),Japanese court,,1,,N,,,,,,,,,camouflage + mask,,,,,,,,,,,,,,,,face mask,,,,,,,,,,,,,,,,,,
FRA-2023-ANNECY,part06_2023.md,2023-06-08,2023,France,Annecy,Paquier park,public_space,Abdalmasih Hanoun,31,M,Syrian Christian,Syria (refugee),Y,C,0,0,N,6,knife,blade,4 toddlers + 2 adults,random_public,"""in the name of Jesus Christ"" (shouted during attack)",NOT terrorism (prosecutors); inverted-Christian ritual invocation,,,pending (psychiatric),French court,,1,"""Backpack hero"" Henri d'Anselme video is aesthetic contagion of counter-response (public hero narrative) that merits separate attention.",N,,,,,,,,,keffiyeh + Christian cross pendant (unusual fusion),,,,,,,,,,,,,,,,,,,,,,,,,,,,,,,,,,
UK-2023-NOTTINGHAM,part06_2023.md,2023-06-13,2023,UK,Nottingham,three locations (students + van ramming),multi_site,Valdo Calocane,32,M,Guinea-Bissau British,UK,Y,C,3,3,N,6,knife + stolen van,mixed,"2 students (Grace O'Malley-Kumar, Barnaby Webber) + caretaker Ian Coates + van-ramming of 3 pedestrians",random_public,none,severe paranoid schizophrenia (multiple prior Mental Health Act sections),,,indefinite hospital order,UK Home Office,,1,Serial institutional warning failure (multiple sections without follow-through).,N,,,,,,,,,,,,,,,,,,,,,,Y,,,,,,,,,,,,,,,,paranoid schizophrenia,,,,,
NZL-2023-AUCKLANDCBD,part06_2023.md,2023-07-20,2023,New Zealand,Auckland,construction site CBD,workplace,Matu Tangi Matua Reid,24,M,Maori,NZ,,C,3,2,Y,9,pump-action shotgun (straw-purchased),firearm,"construction colleagues (To'oto'o, Sipiliano)",workplace,,workplace grievance,,,deceased,NZ Police,,1,First NZ mass shooting since Christchurch; drove Firearms Register debate.,N,,,,,,,,,,,,,,,,,,,,,,,,,,,,,,,,,,,,,,,,,,,
KOR-2023-SILLIM,part06_2023.md,2023-07-21,2023,South Korea,Seoul,Sillim Station vicinity,transit,Cho Seon,33,M,Korean,South Korea,Contested,C,1,1,N,4,knife,blade,passersby,random_public,"inferiority complex (묻지마 ""don't-ask-why"")",personal grievance,,,life + 30-year ankle monitor (Supreme Court Oct 2024),Korean court,,1,"Seoul High Court explicitly cited contagion: ""fear exacerbated through copycat crimes.""",N,,,,,,,,,,"phone factory-reset and computer smashed pre-attack (anti-forensic, not self-mythologising)",,,,,,,,,,,,,,,,,,,,,,,,,,,,,,,,,
KOR-2023-BUNDANG,part06_2023.md,2023-08-03,2023,South Korea,Bundang (Seongnam),Seohyeon / AK Plaza,retail,Choi Won-jong,22,M,Korean,South Korea,Y,C,2,2,N,14,SUV ramming + knife,mixed,department-store crowd,random_public,none,paranoid schizoaffective disorder,medium,none,life imprisonment,Korean court,,1,Documented contagion: police confirmed he searched Sillim coverage before attack.,N,,,,,,,,,,,,,"Cho (Sillim 2023) — EXPLICIT, police confirmed Choi searched news of Sillim attack before rampage",1,,,,,,,,,,,,,,,,,,,,,,,,paranoid schizoaffective,,,,,
USA-2023-JACKSONVILLE,part06_2023.md,2023-08-26,2023,USA,Jacksonville (FL),Dollar General (previously attempted Edward Waters Univ. HBCU),retail,Ryan Palmeter,21,M,White,USA,,C,4,3,Y,4,AR-15 + Glock,firearm,Black shoppers,ethnic,racist manifesto,confirmed white-supremacist,high,core_farright,deceased,GTD; ADL; GW,,1,,N,,accelerationist; great_replacement; soyjak,Y,,,text (released to family + media before attack),,,tactical vest,,,4chan; Soyjak-adjacent,Roof; Gendron-style inscriptions,2,Kucukyetim (saints list); Timofey K,2,,,,,,,"swastika + ""fast N-word"" iconography painted on AR-15 (Roof-/Gendron-style)",,,,,,,,,,,,,,,,,,,,
NLD-2023-ROTTERDAM,part06_2023.md,2023-09-28,2023,Netherlands,Rotterdam,Erasmus MC hospital + teacher's home,multi_site,Fouad L.,32,M,Dutch,Netherlands,Contested,C,3,3,N,3,handgun + arson,mixed,teacher + mother-daughter (pre-existing grievance),mixed,,personal grievance,,,pending,Dutch court,,1,Major pre-attack online signal (animal cruelty + violent content).,N,,,,,,,,,,,,extensive prior social media containing violent content and animal-cruelty videos,,,,,,,,,,Y,,,,,,,,,,,,,,,,,,,,,
FRA-2023-ARRAS,part06_2023.md,2023-10-13,2023,France,Arras,Gambetta high school,school,Mohammed Mogouchkov,20,M,Ingush (Caucasus),Russia (refugee),,C,1,1,N,4,knife,blade,teacher Dominique Bernard killed,political,Islamist,"Paty-emulative (3 years minus 3 days after Paty — profile: young Caucasus male, teacher target, school setting)",medium,jihadist,pending,French court; Europol TE-SAT 2024,,2,,N,,jihadist,,,,,,,,,,,"Paty/Anzorov (structural/thematic, no direct planning-chain evidence)",1,,,Y,Paty 2020-10-16 (3-year anniversary minus 3 days; widely noted in French press),,,,,,,,,,,,,,,,,,,,,,,,,
BEL-2023-BRUSSELS,part06_2023.md,2023-10-16,2023,Belgium,Brussels,Place Sainctelette (Swedish football fans en route to match),public_space,Abdesalem Lassoued,45,M,Tunisian,Belgium (Tunisian extradition request ignored 14+ months),,C,3,2,Y,3,AR-15,firearm,2 Swedish football fans killed in retaliation for Swedish Quran burnings,ethnic,ISIS,ISIS-inspired,,,deceased (police),GTD; Europol TE-SAT 2024,,1,Justice Minister Van Quickenborne resigned over Tunisian extradition failure.,N,,jihadist,,,,video (posted social-media claim),,,,,,,,,,,,,,,,,,,,,,,,,,,,,,,,,,,,,
USA-2023-LEWISTON,part06_2023.md,2023-10-25,2023,USA,Lewiston (ME),Just-In-Time Recreation + Schemengees Bar & Grille,entertainment,Robert Card,40,M,White,USA,Y,C,19,18,Y,32,Ruger SFAR,firearm,bowling alley + bar patrons (incl. deaf community members),random_public,none,TBI-linked severe mental illness + paranoid delusions; Army Reserve grenade-instructor background,,,deceased (self-inflicted),GTD; Mother Jones,ME Independent Commission Final Report Aug 2024,1,,N,,,,,,,,,,,,,,,,,,,,,,Y,,,,,,,,,,,,,,,,TBI-linked,,,,,
FRA-2023-CREPOL,part06_2023.md,2023-11-19,2023,France,Crepol,village dance,entertainment,multiple (unnamed; Chouiar brothers implicated),16,M,Mixed Maghrebi French,France,,C,1,1,N,9,knives,blade,"village-dance attendees (Thomas Perotto, 16, killed)",mixed,unclear; politically weaponized,contested — interethnic conflict frame,,,pending,French court,,2,,Y,,,,,,,,,,,,,,,,,,,,"Alleged ""on est là pour tuer les Blancs"" quote is eyewitness, politically contested, not judicially confirmed. Flag as ALLEGED. Government banned ""Division Martel"" and other ultra-right groups in response wave.",,,,,,,,,,,,,,,,,,,,,,,
RUS-2023-BRYANSK,part06_2023.md,2023-12-07,2023,Russia,Bryansk,Gymnasium No. 5,school,Alina Afanaskina,14,F,Russian,Russia,,C,2,1,Y,7,father's Bekas-3 Molot 16-gauge pump-action shotgun,firearm,"1 classmate (Maria Nesmachnaya, 14)",school_random,bullying grievance,personal grievance + potential Kolumbayn influence (unverified),medium,kolumbayn,"deceased (self-inflicted); father Dmitry Afanaskin convicted negligent storage, 1 year 8 months correctional labour (19 March 2025)",Russian Investigative Committee,,1,First female Russian school shooter. Father prosecuted (precedent case).,N,hunting knife in boot; weapon hidden in paper tube among art supplies,kolumbayn,N,,,,,,,,,,,,,,,,,"CRITICAL CORRECTION — the ""internet diary"" attributed to her citing Klebold, Galyaviev and Audrey Hale was determined by Russian investigators to be FABRICATED (uploaded hours AFTER her death). No verified Hale admiration trail exists. Downgrade to ALLEGED/UNVERIFIED.",,,,,,,,,,,,,,,,,,,,,,,
CZE-2023-PRAGUE,part06_2023.md,2023-12-21,2023,Czech Republic,Prague,Charles University Faculty of Arts (Jan Palach Sq),university,David Kozak,24,M,Czech,Czechia,Contested,C,15,14,Y,41,"legal rifles (multiple, legally held)",firearm,university classroom + earlier rural murders (father killed that morning; 2 earlier Klanovice Forest Dec 15),university_random,none public,fascinated with prior mass shooters — Russian + Columbine; no coherent ideology; severe social isolation,high,kolumbayn,deceased (self-inflicted),Europol TE-SAT 2024,Czech Police Commissioner; iROZHLAS/CT24,1,Transnational Kolumbayn contagion — Russian-language channels radicalizing Czech attacker.,N,,kolumbayn; columbine_fandom,Partial,,,forum_post (diary + Telegram),,Telegram (Russian school-shooter fandom channels),military-style dress; rooftop perch,,,Telegram (Russian Kolumbayn channels); imageboards,"Russian school shooters (Kazan, Izhevsk, Bryansk/Afanaskina — cited by name); Columbine",4,,,,,,,,,,,,,,,,,,,,,,,,,,,,,
FIN-2024-VIERTOLA,part07_2024.md,2024-04-02,2024,Finland,Vantaa,Viertola comprehensive school,school,(12-year-old minor; name suppressed per Finnish law),12,M,Finnish,Finland,Y,C,1,1,N,3,father's .22 LR pistol,firearm,12-year-old classmates (victim was racially bullied migrant-background student),school_random,,personal bullying grievance (reversed — attacker himself bullied; targets also bullied classmates); Saarinen/Malkki note Finnish pattern departure,,,juvenile; limited criminal responsibility under age 15 (Finnish code),Finnish MOJ; Saarinen ECPR 2024,,1,Youngest Finnish school attacker on record. Father convicted of negligence (Finnish equivalent of Crumbley).,N,,,,,,,,,,,,,,,,,,,,,,Y,,,,,,,,,,,,,,,,,,,,,
AUS-2024-BONDI,part07_2024.md,2024-04-13,2024,Australia,Sydney,Westfield Bondi Junction mall,retail,Joel Cauchi,40,M,White Australian,Australia,Y,C,7,6,Y,18,KA-BAR military knife,blade,women shoppers (5 of 6 fatal victims female + a male security guard),women,none (non-verbal schizophrenic state),contested — NSW Coroner Oct 2025 rejected incel/ideological framings; found frustrated attraction + schizophrenia + family-support breakdown,,,deceased (shot by Inspector Amy Scott — first Australian female officer to stop active mass-attacker solo; lone-officer-response aesthetic saved lives),NSW Coroner; ASIO,NSW Coroner's Inquest Final Report Oct 2025,1,,Y,,,,,,,,,,,,,,,,,,,,,,,,,,,,,,,,,,,,,,schizophrenic; unmedicated for years,,,,,
AUS-2024-WAKELEY,part07_2024.md,2024-04-15,2024,Australia,Sydney,Christ the Good Shepherd Assyrian Orthodox Church (livestreamed bishop attack),religious_site,"(16-year-old minor, name suppressed in AU court)",16,M,Assyrian Australian,Australia,,PF,0,0,N,2,knife,blade,Bishop Mar Mari Emmanuel during his own livestreamed sermon,religious,Sunni Islamist motive,ISIS-inspired,,,juvenile proceedings; 5 terror charges confirmed Nov 2024,ASIO; NSW Police,NSW Supreme Court proceedings,1,STRUCTURAL ANOMALY CASE — attack not livestreamed by perpetrator but by victim/venue. Distinctive aesthetic reversal: the INTENDED TARGET'S broadcast becomes the attack-transmission vector. Triggered Bankstown riots 15 April.,N,,jihadist,,,,,,,,,,,,,,,,,,,,,,,,,N,Y,YouTube (church livestream),,,,,,,passively livestreamed because the VICTIM'S sermon was already being broadcast,"unplanned — livestream was by CHURCH, captured attack",,,,,,
UK-2024-HAINAULT,part07_2024.md,2024-04-30,2024,UK,Hainault (London),residential street + transit station,public_space,Marcus Arduini Monzo,37,M,Spanish-Brazilian,UK/Spain,Y,C,1,1,N,5,"katana-style Samurai sword (then-legal as ""historical weapon"")",blade,14-year-old boy Daniel Anjorin (en route to school); random pedestrians and police,random_public,"conspiracist; ""the Devil will devour you all""",severe delusional state; schizophrenia-adjacent,,,whole-life order (life min. 40 years),UK Home Office,,1,"Direct legislative trigger for ""Ronan's Law"" sword ban (Sep 2024 / Aug 2025).",N,,,,,,,,,,,,,,,,,,,,,,,,,,,,,,,,,,,,,,,,,,,
DEU-2024-MANNHEIM,part07_2024.md,2024-05-31,2024,Germany,Mannheim,market square (anti-Islam rally by Michael Stuerzenberger),public_space,Sulaiman Ataee,25,M,Afghan,Afghanistan (German residency),,C,1,1,N,7,knife,blade,Stuerzenberger + anti-Islam activists; police officer Rouven Laur killed intervening,political,jihadist,ISIS-inspired,,,pending,German court,,1,,N,,jihadist,,,,,,,,,,,,,,,,,,,,,,,,,,,,,,,,,,,,,,,,,
USA-2024-TAKHISTOV,part09_foiled_plots.md,2024-06-11,2024,USA,Nashville (TN),energy-infrastructure (planned attack targets),other,Skyler Philippi / Takhistov (Takhistov is paired case — GE energy-infra plot),24,M,White,USA,,F,0,0,N,0,explosives (planned); AR-15 stockpile,explosive,US energy substations — accelerationist infrastructure-attack plot,other,accelerationist; O9A adjacent,confirmed,,,pending,DOJ; GNET,,1,Part of 2023-2024 substation-attack plot cluster; O9A-tied. Important for understanding NVE (nihilistic violent extremism) spread beyond conventional accelerationism.,N,,accelerationist; atomwaffen; o9a,,,,,,,,,,Telegram Terrorgram circles,,,,,,,,,,,,,,,,,,,,,FBI UC,,,,,,,,,,
MEX-2024-UTEG,part07_2024.md,2024-07-10,2024,Mexico,Zapopan (Jalisco),UTEG University (preparatoria campus),university,Jonathan Guillermo Galaviz,18,M,Mexican,Mexico,Contested,C,2,2,N,3,9 mm pistol,firearm,classmates (8:30 am morning class),school_random,"none — ""They hated me for being alone, and no one helped me""",Columbine/Columbiner aesthetic fixation; Leopoldo Jiménez (Monterrey 2017) emulation; alternate-world Columbiner universe,medium,columbine_fandom,pending,Mexican press; CTED,Fiscalía de Jalisco; Reforma/Proceso; El País,2,"Spanish-language Columbiner contagion. Tree branches into ""alternate-world"" school-shooter fandom.",N,trench coat with concealed weapon,columbine_fandom,Partial,"""Me gustaría saber qué se siente matar a alguien"" (screen recording)",,video (screen recording + Twitter/X),,Twitter/X,black trench coat (direct Harris/Klebold replication); hunting pattern,"Y; Twitter/X tweet pre-attack ""I'm going to do it. Don't say I didn't warn you""",,Twitter/X,Harris/Klebold (Columbine — explicit trench coat replication); Federico Guevara (Monterrey 2017 — explicit),2,,,,,extensive Columbine/school-shooter content consumption documented in Twitter/X activity,,,,,,,,,,,,,,,,,,,,,,,,
USA-2024-BUTLER,part07_2024.md,2024-07-13,2024,USA,Butler (PA),Trump campaign rally,political_rally,Thomas Matthew Crooks,20,M,White,USA,Contested,PF,2,1,Y,4,DPMS AR-15,firearm,Donald Trump (grazed ear); one rally attendee killed (Corey Comperatore); 2 wounded,political,none,no clear ideology; pattern of prior mass-shooter research; mixed online footprint,low,,deceased,GTD,FBI post-incident briefings; House Task Force on the Attempted Assassination,1,,N,,,N,,,,,,,,,4chan; Steam; gaming communities; limited social media presence,,,,,,,searched for prior public-figure assassination attempts,,,,,,,,,,,,,,,,,,,,,,,,
UK-2024-SOUTHPORT,part07_2024.md,2024-07-29,2024,UK,Southport,Hart Space dance studio (Taylor Swift-themed event),school,Axel Rudakubana,17,M,Rwandan British,UK,Y,C,3,3,N,13,kitchen knife (Amazon-purchased),blade,6-11 year old girls at Taylor Swift themed event,women,no explicit ideology; downloaded Al-Qaeda training manual,Prevent referral 3 times prior; obsessed with genocide + massacres + school attacks,,,life minimum 52 years (Jan 2025) + Terrorism Act s. 58 + Biological Weapons Act,"UK Home Office; Southport Inquiry (Coppel KC, 2025)",Southport Inquiry Final Report 2025; Prevent Learning Review 2024,1,Triggered nationwide riots Jul-Aug 2024 (including false Andrew Tate-amplified migrant attribution on 29 Jul 2024). First UK domestic-produced biological-weapon conviction.,Y,home-produced ricin (first UK domestic biological weapon production and guilty plea); Al-Qaeda manual stored,misc,N,,,,,,,,,minimal distribution; gun-school fandom imageboards and search history,,,,,,,,,,Y,,,,,,,,,,,,,,,,autism-spectrum,,,,,
TUR-2024-ESKISEHIR,part07_2024.md,2024-08-21,2024,Turkey,Eskisehir,Kadir Zeybek Anatolian HS,school,Ensar Kucukyetim (Enes Kucukyetim),23,M,Turkish,Turkey,,PF,0,0,N,5,"knife (former school, 14:50-15:00 attack)",blade,classmates at own former high school,school_random,white-supremacist; accelerationist (Terrorgram-influenced),confirmed — DOJ indictments cite him as aspiring transnational accelerationist,very_high,core_farright,pending (juvenile),Europol TE-SAT 2025; GNET; ARC,"DOJ indictment of Paffendorf (Dec 2024); ARC ""Triangulating Terror"" Jan 2025; GNET Insights",1,CRITICAL NETWORK PIVOT CASE. Eskisehir August 2024 is the single most observable hinge event in late-2024/2025 Terrorgram/TCC/NVE fusion. Evidence tree: (Eskisehir attack → DOJ-indicted Paffendorf Carlsbad plot (Nov 2024) → Humber indictment (Sept 2024) → Rupnow (Dec 2024) → Henderson Antioch (Jan 2025) → Casap plot (Mar 2025) → Timofey K Odintsovo (Oct 2025)). Mentor to Henderson (documented).,N,,accelerationist; terrorgram; tcc; nve,Y,"""Reports to our Great Lord""",,text + forum_post,Turkish + English,"Telegram + imageboards (posted as "".manifestolar"")",balaclava + tactical vest,,"""Cin Sincap"" (""Jinn Squirrel""); ""Goldson TheDude Sincapgrad""",Telegram (Terrorgram + Turkish-language adjacent channels); imageboards,Tarrant; Breivik; Bowers; Roof; Halle (Balliet); Jacksonville (Palmeter); Crimo (Highland Park); Timofey K cited as inspired by him,8,"Henderson (Antioch 2025 — ""Goldson TheDude Sincapgrad"" cited by Henderson as mentor); Rupnow (Madison 2024 — pattern echoes); Timofey K (Odintsovo 2025, cited inspiration)",3,,,,,direct mentor-to-Henderson contact documented in DOJ affidavit on Paffendorf + referenced in Henderson's own 2024 Discord activity; paid/commissioned ($400 crypto mentioned) of Humber/Allison Terrorgram Collective,,,N,balaclava,,,,,,,,,,,,,,,,should be in the extended validation corpus,,
DEU-2024-SOLINGEN,part07_2024.md,2024-08-23,2024,Germany,Solingen,City Festival,public_space,Issa Al H.,26,M,Syrian,Syria,,C,3,3,N,11,knife,blade,festival crowd,random_public,ISIS,ISIS-inspired; prior failed asylum deportation,,,pending,German court; Europol TE-SAT 2025,,1,,N,,jihadist,,,,video (pre-attack),,,,,,,,,,,,,,,,,,,,,,,,,,,,,,,,,,,,,
USA-2024-APALACHEE,part07_2024.md,2024-09-04,2024,USA,Winder (GA),Apalachee High School,school,Colt Gray,14,M,White,USA,,C,4,4,N,13,AR-15-style rifle (gifted by father),firearm,classmates,school_random,,mental health + online school-shooter fandom,,,pending (juvenile); father Colin Gray charged (2nd US Crumbley-precedent case),GTD; Violence Project,,1,Second major US case of parent charged for son's mass shooting (after Crumbley).,N,,columbine_fandom; tcc,,,,,,,,,,Discord; online gaming,,,,,,,,,,Y,,,,,,,,,,,,,,,,,,FBI 2023 tip,,,
DEU-2024-MUNICHCONSULATE,part07_2024.md,2024-09-05,2024,Germany,Munich,Israeli consulate + NS Documentation Center vicinity,political,Emrah Ibrahimovic,18,M,Austrian-Bosniak,Austria,,PF,1,0,Y,1,Second-World-War-vintage Mauser M1916 folding-stock carbine,firearm,Israeli consulate in Munich on 52nd anniversary of 1972 Olympics massacre,religious,Islamist,ISIS-inspired,,,deceased (police),Europol TE-SAT 2025,,1,Deliberate temporal-symbolic targeting. WWI-era weapon + anniversary + diplomatic-symbol target.,N,bayonet fitted,jihadist,,,,,,,,,,Islamic State sympathetic Telegram; prior Lower-Austria arrest,,,,,Y,Munich Olympics massacre 1972-09-05 (52 years to day),,,,,,,,,,,,,,,,,,,,,,,,,
USA-2024-HUMBER,part09_foiled_plots.md,2024-09-06,2024,USA,nationwide,N/A (Terrorgram Collective leadership),,Dallas Humber; Matthew Allison,34,mixed,White,USA,,F,0,0,N,0,N/A (meta-canon; propaganda / incitement / solicitation),,"Terrorgram Collective — incited attacks, produced manifestos audio-narrated + visual canon / ""hitlists"" / training materials",political,White-supremacist accelerationism; Terrorgram,confirmed,,,pending trial; 9 foreign conspirators linked in DOJ docs,DOJ; ADL; ARC; GNET; GW,"DOJ indictment 14-count Sept 2024; PBS FRONTLINE/ProPublica 2025 ""The Rise and Fall of Terrorgram""; ADL backgrounder",1,"META-CANON CASE. Humber/Allison are the first US federal prosecution of individuals for producing the canonization INFRASTRUCTURE itself — audiobook narrations of prior saints' manifestos, hitlists, training materials. Solicitation-of-violence + RICO-adjacent framework. Central to the Saints-Score validation for 2024-2025 cases.",N,,accelerationist; terrorgram,Y,"""Hard Reset"" (Terrorgram publication); ""White Terror""; canon publications",,"multimodal (audiobook narrations + PDF canon + Telegram channel network + ""Militant Accelerationism"" pubs)",,Telegram (Terrorgram core); Rumble; Odysee,,,,Telegram (central); Rumble; Odysee; 4chan; Sessions,,,,,,,,,Krajcik (audiobook-narrated his manifesto); Kucukyetim; Rupnow-adjacent circles; Casap,,,,,,,,,,,,DOJ indictment Sept 2024 (14 counts),,,,,,"Humber F, Allison M",,,,
DEU-2024-SACHSISCHE,part09_foiled_plots.md,2024-11-05,2024,Germany,Sachsen,multi-target (planned),multi_site,"""Sachsische Separatisten"" cell (8 arrested)",,M,German,Germany,,F,0,0,N,0,firearms stockpile; explosives,firearm,"establish Nazi ethnostate on ""Day X""; kill political opponents + migrants",mixed,neo-Nazi accelerationism,confirmed,,,pending,BfV; Europol TE-SAT 2025,,1,,N,,accelerationist; atomwaffen,,,,,,,,,,,,,,,,,,,,,,,,,,,,,,,BKA raids Nov 2024 (11 raids),,,,,,,,,,
USA-2024-MADISON,part07_2024.md,2024-12-16,2024,USA,Madison (WI),Abundant Life Christian School (study hall),school,"Natalie ""Samantha"" Rupnow",15,F,White,USA,Y,C,3,2,Y,9,9mm handgun,firearm,classmates + teacher Erin West,school_random,mixed — Columbine fandom + accelerationist canon references,confirmed fusion case — Columbine-fandom + accelerationist / Terrorgram,very_high,tcc,deceased (self-inflicted),DOJ; ADL; ARC,"DOJ indictment of Alexander Paffendorf (Dec 2024); ADL backgrounder Dec 2024; ARC ""Triangulating Terror"" Jan 2025; PBS FRONTLINE",1,CRITICAL FUSION CASE. Rupnow represents the Gen Z convergence of Columbine fandom + Terrorgram accelerationism: inscription list mixed both traditions. Paffendorf contact documented in DOJ filing. Eskisehir-to-Rupnow-to-Paffendorf-to-Henderson-to-Casap chain forms the core 2024-2025 network.,N,weapons labelled with prior-attacker names (mixed Columbine + Terrorgram lists),columbine_fandom; terrorgram; tcc; nve,Y,"""War Against Humanity / Natural Selection"" journal",,text (handwritten journal + online archive),English,Discord + 4chan + imageboard fandom channels,KMFDM-band T-shirt (direct Harris replication); trench-coat styling,Y; pre-attack Instagram photo Harris-pose replication,,Discord; 4chan; fandom-wiki/TCC Instagram; private Telegram shared with Paffendorf,Harris/Klebold (primary — KMFDM shirt + Natural Selection); Lanza (Sandy Hook); Tarrant; Breivik; Kucukyetim (structural — Terrorgram fusion),5,"Westman (Minneapolis 2025 — ""Rupnow"" written on weapons)",1,,,extensive Columbine research; Tarrant manifesto; TCC fandom wikis; Terrorgram channels,,Alexander Paffendorf (coordinated parallel Carlsbad CA government-building attack plot — DOJ-indicted Dec 2024); distal contact with Eskisehir perpetrator Kucukyetim,,weapons labelled with prior-attacker names spanning both Columbine fandom list AND Terrorgram accelerationist canon (pistol engraved with Harris/Klebold + accelerationist saints mix),Y,,,,,,,,,,,,,,,,,,,
DEU-2024-MAGDEBURG,part07_2024.md,2024-12-20,2024,Germany,Magdeburg,Christmas market,public_space,Taleb Al-Abdulmohsen,50,M,Saudi,Germany (asylum granted 2016),Contested,C,6,6,N,306,BMW rental car,vehicle,Christmas market crowd (9-year-old Andre Gleissner among dead),random_public,"explicit anti-Islam + pro-AfD conspiracy theory (""Saudi Arabia is persecuting German ex-Muslims"")",ideologically anomalous — ex-Muslim convert with pro-AfD/anti-Islam stance attacked Christmas market; contested case,,,pending,German court; Europol TE-SAT 2025,,1,IDEOLOGICALLY ANOMALOUS CASE. Breaks the German Christmas-market-attack template (previously jihadist). Important anomaly for framework testing.,Y,,misc,Y,,,text + social media (Twitter/X active),,,,,"""drtalebj"" and others",Twitter/X (active); extensive anti-German government conspiracy content,,,,,,,,,,Y,,,,,,,,,,,,,,,,,,multiple warnings to German security services 2015-2024 ignored,,,
USA-2025-NEWORLEANS,part08_2025-2026.md,2025-01-01,2025,USA,New Orleans (LA),Bourbon Street (New Year's Day crowd),public_space,Shamsud-Din Jabbar,42,M,African American,"USA (Army veteran, Afghanistan deployment)",,C,15,14,Y,72,rented F-150 Lightning EV truck; AR-15,vehicle,NYE Bourbon Street revelers,random_public,ISIS (5 pre-attack Facebook videos),ISIS-inspired; solo actor,,,deceased (police),FBI; GW,FBI press conferences; DOJ/NOPD,1,,N,ISIS flag affixed to truck; IEDs emplaced (did not detonate),jihadist,Partial,,,video (5 Facebook videos pre-attack),,Facebook,tactical vest + ballistic helmet,,,Facebook (5 pre-attack videos),,,,,,,,,,,,,,,,,,,,,,,,,,,,,,,
USA-2025-LASVEGAS,part08_2025-2026.md,2025-01-01,2025,USA,Las Vegas (NV),Trump International Hotel entrance (Tesla Cybertruck VBIED),political,Matthew Livelsberger,37,M,White,"USA (Army Green Beret, active duty on leave)",Y,C,1,0,Y,7,Cybertruck VBIED (fireworks + camping fuel + Tannerite),explosive,Trump International Hotel entrance; symbolic,political,"""wake-up call"" manifesto via Note app",mixed — Army Green Beret + PTSD + political/patriotic crisis framing; UFO conspiracy content,,,deceased (self-inflicted),FBI; LVMPD,,1,Same date as Jabbar NOLA attack (coincidentally). Aesthetic: military-veteran + self-destruction + political symbol. No evidence of link to Jabbar (both 18F fort campbell but not same unit).,Y,,,,,,text (Note app + emails to journalists),,,,,,private emails to Shawn Ryan podcast; minimal public social,,,,,,,,,,,,,,,,,,,,,,,,,,PTSD; TBI,,,,,
DEU-2025-ASCHAFFENBURG,part08_2025-2026.md,2025-01-22,2025,Germany,Aschaffenburg,Schöntal Park (kindergarten group),public_space,Enamullah Omarzai,28,M,Afghan,Afghanistan,Y,C,2,2,N,5,kitchen knife,blade,kindergarten children + adults in park,random_public,,psychotic disorder; 5 prior psychiatric admissions; not ideological,,,indefinite psychiatric commitment,German court,,1,Major political trigger for February 2025 German federal election debate on migration + Brandmauer collapse (CDU vote with AfD).,N,,,,,,,,,,,,,,,,,,,,,,Y,,,,,,,,,,,,,,,,schizophrenic/psychotic,,,,,
USA-2025-ANTIOCH,part08_2025-2026.md,2025-01-22,2025,USA,"Nashville (Antioch area, TN)",Antioch High School,school,Solomon Henderson,17,M,Black (transnational accelerationism — racial demographics inverted from typical profile),USA,,C,2,1,Y,2,9mm handgun,firearm,classmates (Latino 16-year-old killed),ethnic,"accelerationist white-supremacist (paradoxically, given own race)","confirmed accelerationist; ""White Sharia"" Groyper + Terrorgram + TCC fusion; Paul Miller ""Gypsy Crusader"" fandom",very_high,mixed,deceased (self-inflicted),DOJ; ADL; ARC; GNET; GW; Europol TE-SAT 2025,"DOJ/MNPD post-incident; ADL Jan 2025; ARC ""Triangulating Terror"" Jan 2025; PBS FRONTLINE/ProPublica ""The Rise and Fall of Terrorgram""",1,"CRITICAL NETWORK CASE. Longest and most explicitly cited prior-attacker list in entire dataset. Direct mentor-relationship with Eskisehir perpetrator documented. Represents the full fusion of Columbine/TCC fandom + Terrorgram accelerationism. Despite being Black, chose accelerationist-white-supremacist ideology — important taxonomic anomaly.",N,weapons inscribed with prior-attacker names; ACCELERATE spelled across pistols,accelerationist; terrorgram; tcc; nve; groyper,Y,"""The Enemy's Blueprint""",51,multimodal (pdf + weapons/diary photo set + Discord leaks),English,Discord + TCC fandom imageboards; uploaded before attack,tactical + trench-coat influences,Y; extensive Discord + TCC fandom channel posts with photos,varying Discord handles,Discord (multiple TCC + Terrorgram-adjacent servers); 4chan; Telegram; TCC fandom Instagram; Rumble,"Tarrant; Breivik; Roof; Bowers; Rupnow (explicit); Crusius; Gendron; Krajcik; Earnest; Paul Miller ""Gypsy Crusader""; Parkland Cruz; Kucukyetim (as mentor)",12,Casap (Mar 2025); Timofey K (Odintsovo 2025 implicitly in group),2,,,,,DOCUMENTED direct Discord contact with Kucukyetim (Eskisehir 2024 — who was his self-acknowledged mentor); coordinated online circle including later Casap plot,,"""ACCELERATE"" across multiple pistols; Tarrant + Rupnow + Breivik + Gendron + Crusius + Bowers + Earnest + Krajcik + Halle names",Y,,,Y,N,Discord,,,,,,,,phone camera livestream attempt failed,,,,,,
SWE-2025-OREBRO,part08_2025-2026.md,2025-02-04,2025,Sweden,Orebro,Risbergska Komvux adult-education school,school,Rickard Andersson,35,M,Swedish,Sweden,Y,C,11,10,Y,16,3 rifles (legally held),firearm,adult-education students (Yazidi + Persian + other migrant backgrounds majority among dead),ethnic,none public,contested — Swedish police found no political/religious motive but target-selection strongly suggests anti-migrant; extreme social isolation,,,deceased,Sakpo; Svenska Dagbladet,Swedish Police final report,1,DEADLIEST SWEDISH MASS SHOOTING ON RECORD. Surpasses Trollhattan 2015.,Y,ear defenders; tactical gear,,N,,,,,,,,,,,,,,,,,,,,,,,,,,,,,,,,,,,severe social isolation,,,,,
USA-2025-CASAP-WI,part09_foiled_plots.md,2025-03-19,2025,USA,Wisconsin,school (target),school,Alexe Casap,20,trans_MtF,White,USA,,F,0,0,N,0,firearms (in plot preparation),firearm,WI school attack — explicitly cited Rupnow and Henderson as inspirations,school_random,accelerationist; TCC + Terrorgram fusion,confirmed,,,pending federal charges,DOJ; ADL,DOJ arrest affidavit Mar 2025,1,Explicitly names Rupnow + Henderson as inspirations — the first foiled plot where the Rupnow canon is textually active.,N,,accelerationist; tcc; nve,Y,"""Accelerate the Collapse""",,text,,Discord / Telegram,,,,Discord; Telegram (TCC + Terrorgram-adjacent); same circles as Rupnow/Henderson,Rupnow; Henderson; Tarrant (Christchurch); Krajcik (explicit),4,,,,,,,Rupnow (named as inspiration); Henderson (named); distal to Kucukyetim circle,,,,,,,,,,,,FBI tip from Discord chat leak,,,,,,,,,,
USA-2025-ALLEN-FL,part09_foiled_plots.md,2025-04-02,2025,USA,Florida,"mosque (target, reconnaissance)",religious_site,Damien Blade Allen,25,M,White,USA,,F,0,0,N,0,firearms + IED components,mixed,FL mosque; Tarrant replication,religious,accelerationist; Great Replacement,confirmed,,,pending,DOJ; ADL,,2,,N,,accelerationist; great_replacement; terrorgram,,,,,,,,,,,Tarrant; Rupnow; Timofey K,3,,,,,,,,,,,,,,,,,,,FBI tip,,,,,,,,,,
USA-2025-FSU,part08_2025-2026.md,2025-04-17,2025,USA,Tallahassee (FL),FSU Student Union,university,Phoenix Ikner,20,M,White,USA,Y,C,2,2,N,8,Glock handgun (stepmother's service weapon — Leon County deputy),firearm,FSU campus random,university_random,complex — documented ChatGPT-assisted radicalization,"AI-SUPPLEMENTED RADICALIZATION — documented extensive use of ChatGPT + other LLMs for ideation-support, planning advice, self-affirmation loops",medium,,pending,FBI; ADL,FSU/Tallahassee Police after-incident briefings,1,LANDMARK CASE for AI-assisted radicalization. Likely first documented case where LLM interaction formed a substantial part of the radicalization trajectory (separate from merely using AI for operational queries).,N,,misc,,,,multimodal (screenshots of LLM conversations),,,,,,Discord; Reddit; extensive ChatGPT sessions preserved,,,,,,,ChatGPT sessions include mass-shooter research + operational queries,,,,,,,,,,,,,,,,,,,,,,,,
CAN-2025-VANCOUVER,part08_2025-2026.md,2025-04-26,2025,Canada,Vancouver (BC),Lapu-Lapu Day festival,public_space,Kai-Ji Adam Lo,30,M,Chinese Canadian,Canada,Y,C,11,11,N,38,SUV,vehicle,Filipino-Canadian Lapu-Lapu Day festival crowd,ethnic,none,paranoid schizophrenia; no ideological motive; multiple prior psychiatric events; not on Mental Health Act extended leave,,,pending,VPD; CBC,,1,Worst attack in Vancouver history. Policy trigger for mental-health-act review in BC.,N,,,,,,,,,,,,,,,,,,,,,,Y,,,,,,,,,,,,,,,,"schizophrenic, long history",,,,,
AUT-2025-GRAZ,part08_2025-2026.md,2025-06-10,2025,Austria,Graz,BORG Dreierschützengasse high school,school,Artur A.,21,M,Austrian,Austria,Y,C,11,10,Y,22,Glock 19 + shotgun (both legally held; Austrian Waffenpass — he passed psych test),firearm,former school (he dropped out 2021); classmates + teacher,school_random,"""personal revenge"" in goodbye letter",personal-grievance + Columbine aesthetic emulation; officially NOT extremism by BVT,medium,columbine_fandom,deceased (self-inflicted),Austrian court; BVT,Austrian prosecutorial briefings; Der Standard,1,DEADLIEST POST-WWII ATTACK IN AUSTRIA. Columbine-fandom is the single most clearly-documented subcultural link. Drove Waffenpass reform debate.,N,14 magazines; functional pipe bomb in home (unused),columbine_fandom,Y,farewell letter + diagrams,,text (handwritten letter + floor-plan diagrams),,,,Y — 50+ photos of Columbine attackers + massacre site on phone recovered by police,,"gaming communities (Counter-Strike; ""Korosyosa/Koroshiyasa"" username); Discord; minimal public presence","Harris/Klebold (Columbine — EXPLICIT per 50+ photos found on phone); generic ""Columbine cult"" references",1,,,,,extensive Harris/Klebold research + Columbine location photography + prior-attack recreations,,,,,,,,,,,,,,,,,,,social isolation; bullied,,,,,
JPN-2025-YOKOHAMA,part08_2025-2026.md,2025-07-24,2025,Japan,Yokohama,train,transit,Takuya Oyama,26,M,Japanese,Japan,,C,0,0,N,5,knife,blade,train commuters,random_public,murder-suicide/nihilist,personal despair (post-Akihabara/Odakyu JP train-blade contagion chain),,,pending,NHK,,2,Continues JP train/knife contagion chain Akihabara 2008 → Odakyu 2021 → Keio 2021 → (Tokyo Shinkansen 2021 copycat) → Yokohama 2025.,N,,misc,,,,,,,,,,,,,,,,,,,,,,,,,,,,,,,,,,,,,,,,,
USA-2025-MINNEAPOLIS,part08_2025-2026.md,2025-08-27,2025,USA,Minneapolis (MN),Annunciation Catholic Church school (first week of school Mass),religious_site,Robin Westman,23,trans_MtF,White,USA,Y,C,3,2,Y,20,2 rifles + shotgun + handgun,firearm,elementary/middle-school Mass attendees,religious,anti-Catholic + anti-Trump + Columbine fandom hybrid,mixed — TCC/Columbine fandom + anti-Catholic + gender-identity politicized context; not accelerationist proper,high,tcc,deceased,FBI; ADL,FBI/MPD briefings; ADL Aug 2025,1,Rupnow → Westman is the single most explicit attacker-to-attacker citation in the 2024-2025 TCC tradition (inscription + ideological framing). First confirmed case of intra-attacker citation propagating the Rupnow canon.,Y,weapons inscribed with Rupnow + Harris/Klebold names; anti-Christian slogans,columbine_fandom; tcc,Y,,,text (50-page manifesto; uploaded videos),,YouTube + Discord + TCC fandom channels,trench coat (Harris replication); trans-flag references in writings,,,,Rupnow (Madison 2024) — EXPLICIT inscription; Harris/Klebold (Columbine) — EXPLICIT; Lanza; Audrey Hale (Covenant 2023),4,,,,,,,,,"""NATALIE RUPNOW"" (direct canonization); ""KILL DONALD TRUMP""; ""FOR THE CHILDREN""; Klebold/Harris; anti-Christian slurs",,,,Y,Partial,YouTube (pre-attack video uploads leaked; attempted during attack),,,,,,,,,,,,,,
MEX-2025-CCHSUR,part08_2025-2026.md,2025-09-22,2025,Mexico,Mexico City,UNAM CCH Sur,university,Lex Ashton Martinez Rincon,19,M,Mexican,Mexico,Contested,C,1,1,N,4,axe,blade,student + injured bystanders,university_random,"incel / ""Supreme Gentleman Elliot Rodger"" Spanish-language manifesto",confirmed incel; Spanish-language Rodger canonization,high,incel,pending,CTED; Spanish-language press,,1,First documented Spanish-language Elliot Rodger canonization attack in Mexico. Important for Latin American OECD incel contagion.,N,,incel,Y,"Discord post before attack (""Elliot Rodger, dame fuerza..."")",,forum_post,Spanish,Discord + X (Twitter),,,,Discord; X; Twitter incel community,Rodger (explicit Spanish-language canon translation),1,,,,,,,,,,,,,,,,,,,,,,,,,,,,,
RUS-2025-ODINTSOVO,part08_2025-2026.md,2025-10-09,2025,Russia,Odintsovo,park,public_space,Timofey K. (name subject to Russian juvenile suppression),17,M,Russian,Russia,Contested,PF,0,0,N,2,imitation pistol; knife,blade,park visitors; livestreamed,random_public,ISIS-inspired accelerationism + Russian Kolumbayn,FIRST DOCUMENTED RUSSIAN LIVESTREAM + WESTERN SAINTS-CANON HYBRIDIZATION,very_high,mixed,pending (juvenile),Russian Investigative Committee; Kruglova; ARC,Russian IC statements (Oct-Nov 2025); ARC briefing on Terrorgram Russian expansion,1,PIVOTAL HYBRIDIZATION CASE. First Russian attacker to explicitly inscribe Western accelerationist saints + Tarrant-style livestream + Russian Kolumbayn iconography. Closes the loop: Russian Kolumbayn ↔ Terrorgram accelerationism ↔ Western Saints canon now bidirectionally linked.,N,,accelerationist; kolumbayn; terrorgram,Y,,,multimodal (Telegram posts + video + pre-attack chat logs),,Telegram Russian Kolumbayn + Terrorgram channels,tactical + Russian military-aesthetic fusion,,,Telegram (Russian Kolumbayn); Terrorgram-adjacent; 4chan,"Breivik; Tarrant; Roof; Bowers; Crusius; Kucukyetim (Eskisehir — explicit); Palmeter (Jacksonville); Garcia (Allen); McVeigh; Russian Kolumbayn saints (Roslyakov, Galyaviev implicit via ненависть iconography)",10,,,,,,,,,"Western Saints list — Breivik + Tarrant + Roof + Bowers + Kucukyetim (Eskisehir 2024) + Crusius + Mauricio Garcia (Allen 2023) + Jacksonville (Palmeter) + Timothy McVeigh; ""ненависть"" (Russian Kolumbayn link)",Y,,,Y,Y,Telegram (first Russian case of Tarrant-style livestream execution in Russia),,,,,,,,,,,,,,
AUS-2025-BONDIBEACH,part08_2025-2026.md,2025-12-01,2025,Australia,Sydney,Bondi Beach pavilion (Hanukkah ceremony),religious_site,Riyaz Akram; Waqar Akram (father-son),48,M,Pakistani Australian,Australia,,PF,0,0,N,4,firearms + Molotov cocktails,mixed,Hanukkah-eve public ceremony attendees,religious,anti-Israel / anti-Jewish extremism,pending,,,pending,ASIO,,2,,N,,jihadist,,,,,,,,,,,,,,,,,,,,,,,,,,,,,,,,,,,,,,,,,
RUS-2026-ANAPA,part08_2025-2026.md,2026-02-14,2026,Russia,Anapa (Krasnodar Krai),Novorossiysk-vicinity school (precise venue TBD),school,"Orda (given name Sergey, per initial Russian reporting)",17,M,Russian,Russia,,PF,1,0,Y,3,legal shotgun (father's),firearm,former classmates,school_random,inferiority/grievance (Russian Kolumbayn template),pending; prelim investigators indicate Kolumbayn emulation + Odintsovo-inspired hybridization,,,deceased (self-inflicted),Russian Investigative Committee,,2,Most recent Kolumbayn-chain incident at time of compilation. Odintsovo-hybridization signal — Russian Kolumbayn now absorbing Western saints iconography.,N,,kolumbayn; accelerationist,Partial,,,forum_post + pre-attack VK/Telegram messages,,Telegram (Russian Kolumbayn) + VK,,,,,"Odintsovo (Timofey K, Oct 2025) — alleged structural emulation",1,,,,,,,,,,,,,,,,,,,,,,,,,,,,,
SVK-2022-BENADIK,part09_foiled_plots.md,,2022,Slovakia,Bratislava,N/A (mentoring network),,"Daniel Benadik (""Slovakbro"")",28,M,Slovak,Slovakia,,F,0,0,N,0,N/A (mentor/inciter),,N/A (Krajcik mentorship),,Terrorgram accelerationism,confirmed,,,Slovak terror charges,Slovak prosecutors; ARC,ARC 2023 Kupper/Rekawek/Kriner,1,Slovak-side of the Terrorgram mentor/mentee network that produced Krajcik.,N,,accelerationist; terrorgram,,,,,,,,,,Telegram (Terrorgram core),,,,,,,,,Krajcik (Bratislava 2022 perpetrator) — mentor,,,,,,,,,,,,Slovak police + international cooperation post-Krajcik attack,,,,,,,,,,
USA-2024-PAFFENDORF,part09_foiled_plots.md,,2024,USA,Carlsbad (CA),federal/state government buildings (target),government,Alexander Paffendorf,20,M,White,USA,,F,0,0,N,0,firearms; body armor (prepared alongside Rupnow plot),firearm,coordinated Carlsbad CA government-building attack on same day as Rupnow's Madison attack,political,accelerationist; TCC + Terrorgram fusion,confirmed,,,pending (federal charges filed Dec 2024),DOJ; ADL; ARC,DOJ indictment Dec 2024; ADL briefing,1,"DOJ indictment explicitly documents Rupnow ↔ Paffendorf coordination — the cleanest peer-coordinated dual-plot case in the dataset. Single most important ""network-visible"" foiled plot of 2024.",N,,accelerationist; tcc; nve,,,,,,,,,,"Discord (private ""Cage""-style server with Rupnow); Telegram Terrorgram-adjacent",,,,,,,,,Rupnow (Madison 2024) — DOJ indictment confirms coordination; distal link to Kucukyetim + Henderson circle,,,,,,,,,,,,FBI + LAPD execution of search warrant at time of Rupnow attack; recovered Rupnow's manifesto + Paffendorf's parallel materials,,,,,,,,,,remapped from 'government'
